SNP,Gene,Correlation,P_value,Abs_Correlation
rs1043,GENE_76,-0.5390027018591369,0.002116978252381475,0.5390027018591369
rs1026,GENE_26,0.537598366404218,0.0021857376297929588,0.537598366404218
rs1033,GENE_53,-0.5363490691349825,0.0022485223781474376,0.5363490691349825
rs1012,GENE_84,-0.5292995467024398,0.0026328697603861225,0.5292995467024398
rs1038,GENE_73,0.5151417314884926,0.003578757497237038,0.5151417314884926
rs1019,GENE_31,0.5100280786542448,0.003985709431433755,0.5100280786542448
rs1001,GENE_24,0.5039105218022107,0.004524118152732589,0.5039105218022107
rs1049,GENE_80,0.5031573394575546,0.004594519575014677,0.5031573394575546
rs1013,GENE_6,0.5026893294489664,0.004638735737072583,0.5026893294489664
