,ASE05898.1,NP_001120705.1,sp|P10361.1|P53_RAT,NP_001315517.1,NP_001001903.1,NP_990595.1,NP_776626.1,NP_001376147.1,NP_998989.3,XP_077825621.1
ASE05898.1,0.0,0.9861111111111112,0.9236111111111112,0.9583333333333334,0.9444444444444444,0.9583333333333334,0.9305555555555556,0.9097222222222222,0.9305555555555556,0.9027777777777778
NP_001120705.1,0.9861111111111112,0.0,0.905511811023622,0.9195402298850575,0.9088397790055248,0.9455040871934605,0.9081364829396326,0.916010498687664,0.8976377952755905,0.8997289972899729
sp|P10361.1|P53_RAT,0.9236111111111112,0.905511811023622,0.0,0.9501915708812261,0.9475138121546961,0.9400544959128065,0.9093264248704663,0.9186351706036745,0.9067357512953368,0.8780487804878049
NP_001315517.1,0.9583333333333334,0.9195402298850575,0.9501915708812261,0.0,0.9425287356321839,0.9425287356321839,0.9348659003831418,0.9310344827586207,0.9425287356321839,0.9501915708812261
NP_001001903.1,0.9444444444444444,0.9088397790055248,0.9475138121546961,0.9425287356321839,0.0,0.9226519337016574,0.9530386740331491,0.93646408839779,0.9502762430939227,0.9116022099447514
NP_990595.1,0.9583333333333334,0.9455040871934605,0.9400544959128065,0.9425287356321839,0.9226519337016574,0.0,0.9264305177111717,0.9264305177111717,0.9155313351498637,0.9237057220708447
NP_776626.1,0.9305555555555556,0.9081364829396326,0.9093264248704663,0.9348659003831418,0.9530386740331491,0.9264305177111717,0.0,0.8293963254593176,0.15025906735751296,0.8644986449864499
NP_001376147.1,0.9097222222222222,0.916010498687664,0.9186351706036745,0.9310344827586207,0.93646408839779,0.9264305177111717,0.8293963254593176,0.0,0.8398950131233596,0.8672086720867209
NP_998989.3,0.9305555555555556,0.8976377952755905,0.9067357512953368,0.9425287356321839,0.9502762430939227,0.9155313351498637,0.15025906735751296,0.8398950131233596,0.0,0.8672086720867209
XP_077825621.1,0.9027777777777778,0.8997289972899729,0.8780487804878049,0.9501915708812261,0.9116022099447514,0.9237057220708447,0.8644986449864499,0.8672086720867209,0.8672086720867209,0.0
