SNP,Gene,Correlation,P_value
rs0013,Gene_0013,0.8381676706603048,9.746749180442338e-49
rs0019,Gene_0019,0.8381626308062453,9.771474211544235e-49
rs0008,Gene_0008,0.8345988045246879,5.737137342616074e-48
rs0036,Gene_0036,0.8323700082040797,1.6990901027170987e-47
rs0004,Gene_0004,0.8273160871132436,1.8800870098424584e-46
rs0035,Gene_0035,0.823232153365713,1.23960796662114e-45
rs0024,Gene_0024,0.8194713951357467,6.747391938298776e-45
rs0018,Gene_0018,0.8193959528976091,6.977852882420036e-45
rs0009,Gene_0009,0.8188854294782719,8.754813522092502e-45
rs0003,Gene_0003,0.8164787216438864,2.5267761650667776e-44
rs0012,Gene_0012,0.8150416354546468,4.723021484907553e-44
rs0034,Gene_0034,0.8142301946339751,6.707547774030914e-44
rs0037,Gene_0037,0.8110544284877581,2.6043263207335984e-43
rs0010,Gene_0010,0.8110353497385144,2.6254331336116553e-43
rs0048,Gene_0048,0.8104661071508497,3.338964359627072e-43
rs0047,Gene_0047,0.8099041544023003,4.229995974841312e-43
rs0021,Gene_0021,0.8088358892175014,6.617370796796306e-43
rs0028,Gene_0028,0.8083880580146021,7.97616439230407e-43
rs0001,Gene_0001,0.8048207533686564,3.470123550757756e-42
rs0002,Gene_0002,0.8013788184323305,1.3933900111887875e-41
rs0049,Gene_0049,0.799199918214823,3.3125678737602935e-41
rs0039,Gene_0039,0.7980243528631538,5.262063965049644e-41
rs0046,Gene_0046,0.7970950239634929,7.570225939022908e-41
rs0044,Gene_0044,0.7927184210337365,4.093210093041332e-40
rs0026,Gene_0026,0.7922690817720626,4.8564086289189575e-40
rs0016,Gene_0016,0.7898619997912261,1.2049661293724349e-39
rs0031,Gene_0031,0.787998463481738,2.4153568825260228e-39
rs0029,Gene_0029,0.7871744132357804,3.2776273011525104e-39
rs0042,Gene_0042,0.784298357549212,9.41248872267578e-39
rs0025,Gene_0025,0.7773833953405788,1.1144509769360041e-37
rs0032,Gene_0032,0.7742006646467399,3.37465033501692e-37
rs0017,Gene_0017,0.7729800465419515,5.136678582402661e-37
rs0006,Gene_0006,0.7655048205752216,6.364076398282164e-36
rs0015,Gene_0015,0.7649606165587011,7.615886542955034e-36
rs0020,Gene_0020,0.7621857572200158,1.8884495786822465e-35
rs0023,Gene_0023,0.7566855578933424,1.1018750386996736e-34
rs0005,Gene_0005,0.7483050344636296,1.4822791192690101e-33
rs0022,Gene_0022,0.7441480926535903,5.181397303402227e-33
rs0027,Gene_0027,0.740010132236294,1.758495157576503e-32
rs0050,Gene_0050,0.7197381356258383,5.082435975825641e-30
rs0041,Gene_0041,0.7178757274383477,8.342490604728439e-30
rs0040,Gene_0040,0.715929623775953,1.3942691985808688e-29
rs0014,Gene_0014,0.6921540645912119,5.3230162478578625e-27
rs0045,Gene_0045,0.6864582042989147,2.0321704933328433e-26
rs0038,Gene_0038,0.6626744504244118,3.981213250098833e-24
rs0043,Gene_0043,0.649331960733728,6.260122702417673e-23
rs0030,Gene_0030,0.6408284301121194,3.376584087148933e-22
rs0033,Gene_0033,0.61495215205254,4.172680613464181e-20
rs0007,Gene_0007,0.6139884546368801,4.950202255144663e-20
rs0011,Gene_0011,0.5625713659048864,2.05762832371495e-16
