source,target,weight
TP53,MDM2,1
TP53,CDKN1A,1
TP53,BAX,1
TP53,PUMA,1
TP53,NOXA,1
TP53,GADD45A,1
TP53,CCND1,1
TP53,CCNE1,1
TP53,PTEN,1
MDM2,CDKN1A,1
MDM2,BAX,1
MDM2,PUMA,1
MDM2,NOXA,1
MDM2,GADD45A,1
MDM2,CCND1,1
MDM2,CCNE1,1
MDM2,PTEN,1
CDKN1A,BAX,1
CDKN1A,PUMA,1
CDKN1A,NOXA,1
CDKN1A,GADD45A,1
CDKN1A,CCND1,1
CDKN1A,CCNE1,1
CDKN1A,PTEN,1
BAX,PUMA,1
BAX,NOXA,1
BAX,GADD45A,1
BAX,CCND1,1
BAX,CCNE1,1
BAX,PTEN,1
PUMA,NOXA,1
PUMA,GADD45A,1
PUMA,CCND1,1
PUMA,CCNE1,1
PUMA,PTEN,1
NOXA,GADD45A,1
NOXA,CCND1,1
NOXA,CCNE1,1
NOXA,PTEN,1
GADD45A,CCND1,1
GADD45A,CCNE1,1
GADD45A,PTEN,1
CCND1,CCNE1,1
CCND1,CDK2,1
CCND1,CDK4,1
CCND1,E2F1,1
CCND1,RB1,1
CCND1,CCNA2,1
CCND1,PTEN,1
CCNE1,CDK2,1
CCNE1,CDK4,1
CCNE1,E2F1,1
CCNE1,RB1,1
CCNE1,CCNA2,1
CCNE1,PTEN,1
CDK2,CDK4,1
CDK2,E2F1,1
CDK2,RB1,1
CDK2,CCNA2,1
CDK4,E2F1,1
CDK4,RB1,1
CDK4,CCNA2,1
E2F1,RB1,1
E2F1,CCNA2,1
RB1,CCNA2,1
BRCA1,BRCA2,1
BRCA1,ATM,1
BRCA1,ATR,1
BRCA1,CHEK1,1
BRCA1,CHEK2,1
BRCA1,RAD51,1
BRCA1,XRCC1,1
BRCA2,ATM,1
BRCA2,ATR,1
BRCA2,CHEK1,1
BRCA2,CHEK2,1
BRCA2,RAD51,1
BRCA2,XRCC1,1
ATM,ATR,1
ATM,CHEK1,1
ATM,CHEK2,1
ATM,RAD51,1
ATM,XRCC1,1
ATR,CHEK1,1
ATR,CHEK2,1
ATR,RAD51,1
ATR,XRCC1,1
CHEK1,CHEK2,1
CHEK1,RAD51,1
CHEK1,XRCC1,1
CHEK2,RAD51,1
CHEK2,XRCC1,1
RAD51,XRCC1,1
