drug,rwr_score,rwr_rank,distance,proximity_rank,rank_diff,agreement
Nutlin-3,0.0769230891871,1,4.333333333333333,1,0,True
PARP_inhibitor,0.0769230891871,2,4.333333333333333,2,0,True
Doxorubicin,0.026434053181233333,3,4.333333333333333,3,0,True
Etoposide,0.02524451800293333,4,4.333333333333333,4,0,True
Cisplatin,0.02524451800293333,5,4.333333333333333,5,0,True
Abacavir,0.0,6,6.0,6,0,True
Abrocitinib,0.0,7,6.0,7,0,True
Amifampridine,0.0,8,6.0,8,0,True
Brexpiprazole,0.0,9,6.0,9,0,True
Atomoxetine,0.0,10,6.0,10,0,True
Azathioprine,0.0,11,6.0,11,0,True
Cetuximab,0.0,12,6.0,12,0,True
Capecitabine,0.0,13,6.0,13,0,True
Clopidogrel,0.0,14,6.0,14,0,True
Citalopram,0.0,15,6.0,15,0,True
Codeine,0.0,16,6.0,16,0,True
Brivaracetam,0.0,17,6.0,17,0,True
Belinostat,0.0,18,6.0,18,0,True
Belzutifan,0.0,19,6.0,19,0,True
Efavirenz,0.0,20,6.0,20,0,True
Dextromethorphan,0.0,21,6.0,21,0,True
Dabrafenib,0.0,22,6.0,22,0,True
Erlotinib,0.0,23,6.0,23,0,True
Imatinib,0.0,24,6.0,24,0,True
Irinotecan,0.0,25,6.0,25,0,True
Fluorouracil,0.0,26,6.0,26,0,True
Gefitinib,0.0,27,6.0,27,0,True
Mercaptopurine,0.0,28,6.0,28,0,True
Lapatinib,0.0,29,6.0,29,0,True
Metoprolol,0.0,30,6.0,30,0,True
Panitumumab,0.0,31,6.0,31,0,True
Tamoxifen,0.0,32,6.0,32,0,True
Trastuzumab,0.0,33,6.0,33,0,True
Vemurafenib,0.0,34,6.0,34,0,True
Warfarin,0.0,35,6.0,35,0,True
