drug,rwr_score,rwr_rank
Nutlin-3,0.0769230891871,1
PARP_inhibitor,0.0769230891871,2
Doxorubicin,0.026434053181233333,3
Etoposide,0.02524451800293333,4
Cisplatin,0.02524451800293333,5
Abacavir,0.0,6
Abrocitinib,0.0,7
Amifampridine,0.0,8
Brexpiprazole,0.0,9
Atomoxetine,0.0,10
Azathioprine,0.0,11
Cetuximab,0.0,12
Capecitabine,0.0,13
Clopidogrel,0.0,14
Citalopram,0.0,15
Codeine,0.0,16
Brivaracetam,0.0,17
Belinostat,0.0,18
Belzutifan,0.0,19
Efavirenz,0.0,20
Dextromethorphan,0.0,21
Dabrafenib,0.0,22
Erlotinib,0.0,23
Imatinib,0.0,24
Irinotecan,0.0,25
Fluorouracil,0.0,26
Gefitinib,0.0,27
Mercaptopurine,0.0,28
Lapatinib,0.0,29
Metoprolol,0.0,30
Panitumumab,0.0,31
Tamoxifen,0.0,32
Trastuzumab,0.0,33
Vemurafenib,0.0,34
Warfarin,0.0,35
