drug1,drug2,similarity
Abrocitinib,Clopidogrel,1.0
Abrocitinib,Citalopram,1.0
Cisplatin,Etoposide,1.0
Abrocitinib,Brivaracetam,1.0
Erlotinib,Gefitinib,1.0
Lapatinib,Trastuzumab,1.0
Atomoxetine,Metoprolol,1.0
Capecitabine,Fluorouracil,1.0
Atomoxetine,Dextromethorphan,1.0
Atomoxetine,Codeine,1.0
Brivaracetam,Clopidogrel,1.0
Belinostat,Irinotecan,1.0
Brivaracetam,Citalopram,1.0
Codeine,Metoprolol,1.0
Dabrafenib,Vemurafenib,1.0
Cetuximab,Panitumumab,1.0
Citalopram,Clopidogrel,1.0
Atomoxetine,Brexpiprazole,1.0
Brexpiprazole,Metoprolol,1.0
Codeine,Dextromethorphan,1.0
Brexpiprazole,Codeine,1.0
Brexpiprazole,Dextromethorphan,1.0
Dextromethorphan,Metoprolol,1.0
Abrocitinib,Belzutifan,0.5
Belzutifan,Citalopram,0.5
Atomoxetine,Tamoxifen,0.5
Belzutifan,Clopidogrel,0.5
Erlotinib,Panitumumab,0.5
Codeine,Tamoxifen,0.5
Brexpiprazole,Tamoxifen,0.5
Gefitinib,Panitumumab,0.5
Belzutifan,Brivaracetam,0.5
Doxorubicin,Etoposide,0.5
Cetuximab,Gefitinib,0.5
Metoprolol,Tamoxifen,0.5
Azathioprine,Mercaptopurine,0.5
Cisplatin,Doxorubicin,0.5
Cetuximab,Erlotinib,0.5
Dextromethorphan,Tamoxifen,0.5
Codeine,Trastuzumab,0.0
Dextromethorphan,Mercaptopurine,0.0
Dextromethorphan,Nutlin-3,0.0
Dextromethorphan,PARP_inhibitor,0.0
Codeine,Panitumumab,0.0
Codeine,PARP_inhibitor,0.0
Codeine,Nutlin-3,0.0
Dextromethorphan,Panitumumab,0.0
Codeine,Mercaptopurine,0.0
Codeine,Vemurafenib,0.0
Codeine,Lapatinib,0.0
Codeine,Irinotecan,0.0
Dextromethorphan,Vemurafenib,0.0
Codeine,Imatinib,0.0
Codeine,Gefitinib,0.0
Codeine,Fluorouracil,0.0
Codeine,Etoposide,0.0
Codeine,Erlotinib,0.0
Codeine,Efavirenz,0.0
Codeine,Doxorubicin,0.0
Dextromethorphan,Warfarin,0.0
Codeine,Dabrafenib,0.0
Dextromethorphan,Trastuzumab,0.0
Dabrafenib,Panitumumab,0.0
Dabrafenib,PARP_inhibitor,0.0
Dabrafenib,Nutlin-3,0.0
Dabrafenib,Metoprolol,0.0
Dabrafenib,Tamoxifen,0.0
Dabrafenib,Trastuzumab,0.0
Dabrafenib,Warfarin,0.0
Dextromethorphan,Doxorubicin,0.0
Dextromethorphan,Efavirenz,0.0
Dabrafenib,Mercaptopurine,0.0
Dabrafenib,Lapatinib,0.0
Dabrafenib,Irinotecan,0.0
Dextromethorphan,Erlotinib,0.0
Codeine,Warfarin,0.0
Dextromethorphan,Fluorouracil,0.0
Dextromethorphan,Gefitinib,0.0
Dextromethorphan,Imatinib,0.0
Dabrafenib,Imatinib,0.0
Dextromethorphan,Irinotecan,0.0
Dabrafenib,Gefitinib,0.0
Dabrafenib,Fluorouracil,0.0
Dabrafenib,Etoposide,0.0
Dabrafenib,Erlotinib,0.0
Dabrafenib,Efavirenz,0.0
Dextromethorphan,Lapatinib,0.0
Dabrafenib,Doxorubicin,0.0
Dabrafenib,Dextromethorphan,0.0
Dextromethorphan,Etoposide,0.0
Cisplatin,Irinotecan,0.0
Cisplatin,Lapatinib,0.0
Cisplatin,Mercaptopurine,0.0
Cisplatin,Metoprolol,0.0
Cisplatin,Nutlin-3,0.0
Cisplatin,PARP_inhibitor,0.0
Cisplatin,Panitumumab,0.0
Cisplatin,Tamoxifen,0.0
Clopidogrel,Mercaptopurine,0.0
Cisplatin,Vemurafenib,0.0
Cisplatin,Warfarin,0.0
Citalopram,Codeine,0.0
Citalopram,Dabrafenib,0.0
Citalopram,Dextromethorphan,0.0
Citalopram,Doxorubicin,0.0
Citalopram,Efavirenz,0.0
Citalopram,Erlotinib,0.0
Cisplatin,Trastuzumab,0.0
Cetuximab,Mercaptopurine,0.0
Cetuximab,Metoprolol,0.0
Cetuximab,Nutlin-3,0.0
Cetuximab,PARP_inhibitor,0.0
Cetuximab,Tamoxifen,0.0
Cetuximab,Trastuzumab,0.0
Cetuximab,Vemurafenib,0.0
Cetuximab,Warfarin,0.0
Cisplatin,Imatinib,0.0
Cisplatin,Clopidogrel,0.0
Cisplatin,Codeine,0.0
Cisplatin,Dabrafenib,0.0
Cisplatin,Dextromethorphan,0.0
Cisplatin,Efavirenz,0.0
Cisplatin,Erlotinib,0.0
Cisplatin,Fluorouracil,0.0
Cisplatin,Gefitinib,0.0
Cisplatin,Citalopram,0.0
Clopidogrel,Efavirenz,0.0
Clopidogrel,Erlotinib,0.0
Clopidogrel,Etoposide,0.0
Clopidogrel,Fluorouracil,0.0
Clopidogrel,Gefitinib,0.0
Clopidogrel,Imatinib,0.0
Clopidogrel,Irinotecan,0.0
Clopidogrel,Lapatinib,0.0
Citalopram,Etoposide,0.0
Clopidogrel,Metoprolol,0.0
Clopidogrel,Nutlin-3,0.0
Clopidogrel,PARP_inhibitor,0.0
Clopidogrel,Panitumumab,0.0
Clopidogrel,Tamoxifen,0.0
Clopidogrel,Trastuzumab,0.0
Clopidogrel,Vemurafenib,0.0
Clopidogrel,Warfarin,0.0
Doxorubicin,Efavirenz,0.0
Citalopram,Fluorouracil,0.0
Citalopram,Gefitinib,0.0
Citalopram,Imatinib,0.0
Citalopram,Irinotecan,0.0
Citalopram,Lapatinib,0.0
Citalopram,Mercaptopurine,0.0
Citalopram,Metoprolol,0.0
Citalopram,Nutlin-3,0.0
Clopidogrel,Doxorubicin,0.0
Citalopram,Panitumumab,0.0
Citalopram,Tamoxifen,0.0
Citalopram,Trastuzumab,0.0
Citalopram,Vemurafenib,0.0
Citalopram,Warfarin,0.0
Clopidogrel,Codeine,0.0
Clopidogrel,Dabrafenib,0.0
Clopidogrel,Dextromethorphan,0.0
Citalopram,PARP_inhibitor,0.0
Imatinib,Warfarin,0.0
Irinotecan,Lapatinib,0.0
Irinotecan,Mercaptopurine,0.0
Irinotecan,Metoprolol,0.0
Irinotecan,Nutlin-3,0.0
Irinotecan,PARP_inhibitor,0.0
Irinotecan,Panitumumab,0.0
Irinotecan,Tamoxifen,0.0
Doxorubicin,Mercaptopurine,0.0
Irinotecan,Vemurafenib,0.0
Irinotecan,Warfarin,0.0
Lapatinib,Mercaptopurine,0.0
Lapatinib,Metoprolol,0.0
Lapatinib,Nutlin-3,0.0
Lapatinib,PARP_inhibitor,0.0
Lapatinib,Panitumumab,0.0
Lapatinib,Tamoxifen,0.0
Irinotecan,Trastuzumab,0.0
Gefitinib,Mercaptopurine,0.0
Gefitinib,Metoprolol,0.0
Gefitinib,Nutlin-3,0.0
Gefitinib,PARP_inhibitor,0.0
Gefitinib,Tamoxifen,0.0
Gefitinib,Trastuzumab,0.0
Gefitinib,Vemurafenib,0.0
Gefitinib,Warfarin,0.0
Abacavir,Amifampridine,0.0
Imatinib,Lapatinib,0.0
Imatinib,Mercaptopurine,0.0
Imatinib,Metoprolol,0.0
Imatinib,Nutlin-3,0.0
Imatinib,PARP_inhibitor,0.0
Imatinib,Panitumumab,0.0
Imatinib,Tamoxifen,0.0
Imatinib,Trastuzumab,0.0
Imatinib,Irinotecan,0.0
Nutlin-3,Trastuzumab,0.0
Nutlin-3,Vemurafenib,0.0
Nutlin-3,Warfarin,0.0
PARP_inhibitor,Panitumumab,0.0
PARP_inhibitor,Tamoxifen,0.0
PARP_inhibitor,Trastuzumab,0.0
PARP_inhibitor,Vemurafenib,0.0
PARP_inhibitor,Warfarin,0.0
Lapatinib,Vemurafenib,0.0
Panitumumab,Trastuzumab,0.0
Panitumumab,Vemurafenib,0.0
Panitumumab,Warfarin,0.0
Tamoxifen,Trastuzumab,0.0
Tamoxifen,Vemurafenib,0.0
Tamoxifen,Warfarin,0.0
Trastuzumab,Vemurafenib,0.0
Trastuzumab,Warfarin,0.0
Panitumumab,Tamoxifen,0.0
Lapatinib,Warfarin,0.0
Mercaptopurine,Metoprolol,0.0
Mercaptopurine,Nutlin-3,0.0
Mercaptopurine,PARP_inhibitor,0.0
Abacavir,Belinostat,0.0
Mercaptopurine,Tamoxifen,0.0
Mercaptopurine,Trastuzumab,0.0
Mercaptopurine,Vemurafenib,0.0
Nutlin-3,Tamoxifen,0.0
Metoprolol,Nutlin-3,0.0
Metoprolol,PARP_inhibitor,0.0
Metoprolol,Panitumumab,0.0
Abacavir,Azathioprine,0.0
Metoprolol,Trastuzumab,0.0
Metoprolol,Vemurafenib,0.0
Metoprolol,Warfarin,0.0
Nutlin-3,PARP_inhibitor,0.0
Nutlin-3,Panitumumab,0.0
Mercaptopurine,Warfarin,0.0
Efavirenz,Imatinib,0.0
Efavirenz,Irinotecan,0.0
Efavirenz,Lapatinib,0.0
Efavirenz,Mercaptopurine,0.0
Efavirenz,Metoprolol,0.0
Efavirenz,Nutlin-3,0.0
Efavirenz,PARP_inhibitor,0.0
Efavirenz,Panitumumab,0.0
Gefitinib,Lapatinib,0.0
Efavirenz,Trastuzumab,0.0
Efavirenz,Vemurafenib,0.0
Efavirenz,Warfarin,0.0
Erlotinib,Etoposide,0.0
Erlotinib,Fluorouracil,0.0
Erlotinib,Imatinib,0.0
Erlotinib,Irinotecan,0.0
Erlotinib,Lapatinib,0.0
Efavirenz,Tamoxifen,0.0
Doxorubicin,Erlotinib,0.0
Doxorubicin,Fluorouracil,0.0
Doxorubicin,Gefitinib,0.0
Doxorubicin,Imatinib,0.0
Doxorubicin,Irinotecan,0.0
Doxorubicin,Lapatinib,0.0
Cetuximab,Lapatinib,0.0
Doxorubicin,Metoprolol,0.0
Efavirenz,Gefitinib,0.0
Doxorubicin,PARP_inhibitor,0.0
Doxorubicin,Panitumumab,0.0
Doxorubicin,Tamoxifen,0.0
Doxorubicin,Trastuzumab,0.0
Doxorubicin,Vemurafenib,0.0
Doxorubicin,Warfarin,0.0
Efavirenz,Erlotinib,0.0
Efavirenz,Etoposide,0.0
Efavirenz,Fluorouracil,0.0
Doxorubicin,Nutlin-3,0.0
Etoposide,Vemurafenib,0.0
Etoposide,Warfarin,0.0
Fluorouracil,Gefitinib,0.0
Fluorouracil,Imatinib,0.0
Fluorouracil,Irinotecan,0.0
Fluorouracil,Lapatinib,0.0
Fluorouracil,Mercaptopurine,0.0
Fluorouracil,Metoprolol,0.0
Erlotinib,Mercaptopurine,0.0
Fluorouracil,PARP_inhibitor,0.0
Fluorouracil,Panitumumab,0.0
Fluorouracil,Tamoxifen,0.0
Fluorouracil,Trastuzumab,0.0
Fluorouracil,Vemurafenib,0.0
Fluorouracil,Warfarin,0.0
Gefitinib,Imatinib,0.0
Gefitinib,Irinotecan,0.0
Fluorouracil,Nutlin-3,0.0
Erlotinib,Metoprolol,0.0
Erlotinib,Nutlin-3,0.0
Erlotinib,PARP_inhibitor,0.0
Erlotinib,Tamoxifen,0.0
Erlotinib,Trastuzumab,0.0
Erlotinib,Vemurafenib,0.0
Erlotinib,Warfarin,0.0
Etoposide,Fluorouracil,0.0
Etoposide,Trastuzumab,0.0
Etoposide,Imatinib,0.0
Etoposide,Irinotecan,0.0
Etoposide,Lapatinib,0.0
Etoposide,Mercaptopurine,0.0
Etoposide,Metoprolol,0.0
Etoposide,Nutlin-3,0.0
Etoposide,PARP_inhibitor,0.0
Etoposide,Panitumumab,0.0
Etoposide,Tamoxifen,0.0
Etoposide,Gefitinib,0.0
Amifampridine,Tamoxifen,0.0
Amifampridine,Trastuzumab,0.0
Amifampridine,Vemurafenib,0.0
Amifampridine,Warfarin,0.0
Atomoxetine,Azathioprine,0.0
Atomoxetine,Belinostat,0.0
Atomoxetine,Belzutifan,0.0
Cetuximab,Clopidogrel,0.0
Atomoxetine,Capecitabine,0.0
Atomoxetine,Cetuximab,0.0
Atomoxetine,Cisplatin,0.0
Atomoxetine,Citalopram,0.0
Atomoxetine,Clopidogrel,0.0
Atomoxetine,Dabrafenib,0.0
Atomoxetine,Doxorubicin,0.0
Atomoxetine,Efavirenz,0.0
Atomoxetine,Brivaracetam,0.0
Amifampridine,Clopidogrel,0.0
Amifampridine,Codeine,0.0
Amifampridine,Dabrafenib,0.0
Amifampridine,Dextromethorphan,0.0
Amifampridine,Doxorubicin,0.0
Amifampridine,Efavirenz,0.0
Amifampridine,Erlotinib,0.0
Amifampridine,Etoposide,0.0
Amifampridine,Panitumumab,0.0
Amifampridine,Gefitinib,0.0
Amifampridine,Imatinib,0.0
Amifampridine,Irinotecan,0.0
Amifampridine,Lapatinib,0.0
Amifampridine,Mercaptopurine,0.0
Amifampridine,Metoprolol,0.0
Amifampridine,Nutlin-3,0.0
Amifampridine,PARP_inhibitor,0.0
Amifampridine,Fluorouracil,0.0
Azathioprine,Cetuximab,0.0
Azathioprine,Cisplatin,0.0
Azathioprine,Citalopram,0.0
Azathioprine,Clopidogrel,0.0
Azathioprine,Codeine,0.0
Azathioprine,Dabrafenib,0.0
Azathioprine,Dextromethorphan,0.0
Azathioprine,Doxorubicin,0.0
Atomoxetine,Erlotinib,0.0
Azathioprine,Erlotinib,0.0
Azathioprine,Etoposide,0.0
Azathioprine,Fluorouracil,0.0
Azathioprine,Gefitinib,0.0
Azathioprine,Imatinib,0.0
Azathioprine,Irinotecan,0.0
Azathioprine,Lapatinib,0.0
Azathioprine,Metoprolol,0.0
Azathioprine,Efavirenz,0.0
Atomoxetine,Etoposide,0.0
Atomoxetine,Fluorouracil,0.0
Atomoxetine,Gefitinib,0.0
Atomoxetine,Imatinib,0.0
Atomoxetine,Irinotecan,0.0
Atomoxetine,Lapatinib,0.0
Atomoxetine,Mercaptopurine,0.0
Atomoxetine,Nutlin-3,0.0
Azathioprine,Capecitabine,0.0
Atomoxetine,Panitumumab,0.0
Atomoxetine,Trastuzumab,0.0
Atomoxetine,Vemurafenib,0.0
Atomoxetine,Warfarin,0.0
Azathioprine,Belinostat,0.0
Azathioprine,Belzutifan,0.0
Azathioprine,Brexpiprazole,0.0
Azathioprine,Brivaracetam,0.0
Atomoxetine,PARP_inhibitor,0.0
Abacavir,Etoposide,0.0
Abacavir,Fluorouracil,0.0
Abacavir,Gefitinib,0.0
Abacavir,Imatinib,0.0
Abacavir,Irinotecan,0.0
Abacavir,Lapatinib,0.0
Abacavir,Mercaptopurine,0.0
Abacavir,Belzutifan,0.0
Amifampridine,Citalopram,0.0
Abacavir,PARP_inhibitor,0.0
Abacavir,Panitumumab,0.0
Abacavir,Tamoxifen,0.0
Abacavir,Trastuzumab,0.0
Abacavir,Vemurafenib,0.0
Abacavir,Warfarin,0.0
Abrocitinib,Amifampridine,0.0
Abrocitinib,Atomoxetine,0.0
Abacavir,Nutlin-3,0.0
Abacavir,Brivaracetam,0.0
Abacavir,Capecitabine,0.0
Abacavir,Cetuximab,0.0
Abacavir,Cisplatin,0.0
Abacavir,Citalopram,0.0
Abacavir,Clopidogrel,0.0
Abacavir,Codeine,0.0
Abacavir,Dabrafenib,0.0
Abacavir,Abrocitinib,0.0
Abacavir,Doxorubicin,0.0
Abacavir,Efavirenz,0.0
Abacavir,Erlotinib,0.0
Imatinib,Vemurafenib,0.0
Abrocitinib,Efavirenz,0.0
Mercaptopurine,Panitumumab,0.0
Abacavir,Metoprolol,0.0
Vemurafenib,Warfarin,0.0
Abacavir,Dextromethorphan,0.0
Abrocitinib,Metoprolol,0.0
Abrocitinib,Nutlin-3,0.0
Abrocitinib,PARP_inhibitor,0.0
Abrocitinib,Panitumumab,0.0
Abrocitinib,Tamoxifen,0.0
Abrocitinib,Trastuzumab,0.0
Abrocitinib,Vemurafenib,0.0
Abrocitinib,Warfarin,0.0
Abrocitinib,Azathioprine,0.0
Amifampridine,Azathioprine,0.0
Amifampridine,Belinostat,0.0
Amifampridine,Belzutifan,0.0
Amifampridine,Brexpiprazole,0.0
Amifampridine,Brivaracetam,0.0
Amifampridine,Capecitabine,0.0
Amifampridine,Cetuximab,0.0
Amifampridine,Cisplatin,0.0
Amifampridine,Atomoxetine,0.0
Abrocitinib,Belinostat,0.0
Abrocitinib,Brexpiprazole,0.0
Abrocitinib,Capecitabine,0.0
Abrocitinib,Cetuximab,0.0
Abrocitinib,Cisplatin,0.0
Abrocitinib,Codeine,0.0
Abrocitinib,Dabrafenib,0.0
Abrocitinib,Dextromethorphan,0.0
Abrocitinib,Mercaptopurine,0.0
Abacavir,Atomoxetine,0.0
Abrocitinib,Erlotinib,0.0
Abrocitinib,Etoposide,0.0
Abrocitinib,Fluorouracil,0.0
Abrocitinib,Gefitinib,0.0
Abrocitinib,Imatinib,0.0
Abrocitinib,Irinotecan,0.0
Abrocitinib,Lapatinib,0.0
Abrocitinib,Doxorubicin,0.0
Brivaracetam,Erlotinib,0.0
Brivaracetam,Etoposide,0.0
Brivaracetam,Fluorouracil,0.0
Brivaracetam,Gefitinib,0.0
Brivaracetam,Imatinib,0.0
Brivaracetam,Irinotecan,0.0
Brivaracetam,Lapatinib,0.0
Azathioprine,Nutlin-3,0.0
Brivaracetam,Metoprolol,0.0
Brivaracetam,Nutlin-3,0.0
Brivaracetam,PARP_inhibitor,0.0
Brivaracetam,Panitumumab,0.0
Brivaracetam,Tamoxifen,0.0
Brivaracetam,Trastuzumab,0.0
Brivaracetam,Vemurafenib,0.0
Brivaracetam,Warfarin,0.0
Brivaracetam,Mercaptopurine,0.0
Brexpiprazole,Imatinib,0.0
Brexpiprazole,Irinotecan,0.0
Brexpiprazole,Lapatinib,0.0
Brexpiprazole,Mercaptopurine,0.0
Brexpiprazole,Nutlin-3,0.0
Brexpiprazole,PARP_inhibitor,0.0
Brexpiprazole,Panitumumab,0.0
Brexpiprazole,Trastuzumab,0.0
Brivaracetam,Efavirenz,0.0
Brexpiprazole,Warfarin,0.0
Brivaracetam,Capecitabine,0.0
Brivaracetam,Cetuximab,0.0
Brivaracetam,Cisplatin,0.0
Brivaracetam,Codeine,0.0
Brivaracetam,Dabrafenib,0.0
Brivaracetam,Dextromethorphan,0.0
Brivaracetam,Doxorubicin,0.0
Brexpiprazole,Vemurafenib,0.0
Capecitabine,Panitumumab,0.0
Capecitabine,Tamoxifen,0.0
Capecitabine,Trastuzumab,0.0
Capecitabine,Vemurafenib,0.0
Capecitabine,Warfarin,0.0
Cetuximab,Cisplatin,0.0
Cetuximab,Citalopram,0.0
Abacavir,Brexpiprazole,0.0
Capecitabine,Cetuximab,0.0
Cetuximab,Dabrafenib,0.0
Cetuximab,Dextromethorphan,0.0
Cetuximab,Doxorubicin,0.0
Cetuximab,Efavirenz,0.0
Cetuximab,Etoposide,0.0
Cetuximab,Fluorouracil,0.0
Cetuximab,Imatinib,0.0
Cetuximab,Irinotecan,0.0
Cetuximab,Codeine,0.0
Capecitabine,Cisplatin,0.0
Capecitabine,Citalopram,0.0
Capecitabine,Clopidogrel,0.0
Capecitabine,Codeine,0.0
Capecitabine,Dabrafenib,0.0
Capecitabine,Dextromethorphan,0.0
Capecitabine,Doxorubicin,0.0
Capecitabine,Efavirenz,0.0
Capecitabine,PARP_inhibitor,0.0
Capecitabine,Etoposide,0.0
Capecitabine,Gefitinib,0.0
Capecitabine,Imatinib,0.0
Capecitabine,Irinotecan,0.0
Capecitabine,Lapatinib,0.0
Capecitabine,Mercaptopurine,0.0
Capecitabine,Metoprolol,0.0
Capecitabine,Nutlin-3,0.0
Capecitabine,Erlotinib,0.0
Belinostat,Efavirenz,0.0
Belinostat,Erlotinib,0.0
Belinostat,Etoposide,0.0
Belinostat,Fluorouracil,0.0
Belinostat,Gefitinib,0.0
Belinostat,Imatinib,0.0
Belinostat,Lapatinib,0.0
Belinostat,Mercaptopurine,0.0
Brexpiprazole,Gefitinib,0.0
Belinostat,Nutlin-3,0.0
Belinostat,PARP_inhibitor,0.0
Belinostat,Panitumumab,0.0
Belinostat,Tamoxifen,0.0
Belinostat,Trastuzumab,0.0
Belinostat,Vemurafenib,0.0
Belinostat,Warfarin,0.0
Belzutifan,Brexpiprazole,0.0
Belinostat,Metoprolol,0.0
Azathioprine,PARP_inhibitor,0.0
Azathioprine,Panitumumab,0.0
Azathioprine,Tamoxifen,0.0
Azathioprine,Trastuzumab,0.0
Azathioprine,Vemurafenib,0.0
Azathioprine,Warfarin,0.0
Belinostat,Belzutifan,0.0
Belinostat,Brexpiprazole,0.0
Belinostat,Doxorubicin,0.0
Belinostat,Capecitabine,0.0
Belinostat,Cetuximab,0.0
Belinostat,Cisplatin,0.0
Belinostat,Citalopram,0.0
Belinostat,Clopidogrel,0.0
Belinostat,Codeine,0.0
Belinostat,Dabrafenib,0.0
Belinostat,Dextromethorphan,0.0
Belinostat,Brivaracetam,0.0
Belzutifan,Panitumumab,0.0
Belzutifan,Tamoxifen,0.0
Belzutifan,Trastuzumab,0.0
Belzutifan,Vemurafenib,0.0
Belzutifan,Warfarin,0.0
Brexpiprazole,Brivaracetam,0.0
Brexpiprazole,Capecitabine,0.0
Brexpiprazole,Cetuximab,0.0
Belzutifan,Capecitabine,0.0
Brexpiprazole,Citalopram,0.0
Brexpiprazole,Clopidogrel,0.0
Brexpiprazole,Dabrafenib,0.0
Brexpiprazole,Doxorubicin,0.0
Brexpiprazole,Efavirenz,0.0
Brexpiprazole,Erlotinib,0.0
Brexpiprazole,Etoposide,0.0
Brexpiprazole,Fluorouracil,0.0
Brexpiprazole,Cisplatin,0.0
Belzutifan,Cetuximab,0.0
Belzutifan,Cisplatin,0.0
Belzutifan,Codeine,0.0
Belzutifan,Dabrafenib,0.0
Belzutifan,Dextromethorphan,0.0
Belzutifan,Doxorubicin,0.0
Belzutifan,Efavirenz,0.0
Belzutifan,Erlotinib,0.0
Belzutifan,PARP_inhibitor,0.0
Belzutifan,Fluorouracil,0.0
Belzutifan,Gefitinib,0.0
Belzutifan,Imatinib,0.0
Belzutifan,Irinotecan,0.0
Belzutifan,Lapatinib,0.0
Belzutifan,Mercaptopurine,0.0
Belzutifan,Metoprolol,0.0
Belzutifan,Nutlin-3,0.0
Belzutifan,Etoposide,0.0
