drug,distance
Cisplatin,4.333333333333333
Nutlin-3,4.333333333333333
Etoposide,4.333333333333333
Doxorubicin,4.333333333333333
PARP_inhibitor,4.333333333333333
Abacavir,6.0
Amifampridine,6.0
Abrocitinib,6.0
Brexpiprazole,6.0
Brivaracetam,6.0
Capecitabine,6.0
Cetuximab,6.0
Azathioprine,6.0
Belinostat,6.0
Belzutifan,6.0
Atomoxetine,6.0
Dabrafenib,6.0
Codeine,6.0
Clopidogrel,6.0
Citalopram,6.0
Erlotinib,6.0
Fluorouracil,6.0
Efavirenz,6.0
Dextromethorphan,6.0
Imatinib,6.0
Gefitinib,6.0
Irinotecan,6.0
Lapatinib,6.0
Metoprolol,6.0
Mercaptopurine,6.0
Panitumumab,6.0
Tamoxifen,6.0
Trastuzumab,6.0
Vemurafenib,6.0
Warfarin,6.0
