,SAMPLE_001,SAMPLE_002,SAMPLE_003,SAMPLE_004,SAMPLE_005,SAMPLE_006,SAMPLE_007,SAMPLE_008,SAMPLE_009,SAMPLE_010,SAMPLE_011,SAMPLE_012,SAMPLE_013,SAMPLE_014,SAMPLE_015,SAMPLE_016,SAMPLE_017,SAMPLE_018,SAMPLE_019,SAMPLE_020,SAMPLE_021,SAMPLE_022,SAMPLE_023,SAMPLE_024,SAMPLE_025,SAMPLE_026,SAMPLE_027,SAMPLE_028,SAMPLE_029,SAMPLE_030
rs1000,1.074841640698498,-1.2283904465125692,1.074841640698498,1.074841640698498,-1.2283904465125692,-1.2283904465125692,1.074841640698498,-0.07677440290703556,1.074841640698498,1.074841640698498,1.074841640698498,1.074841640698498,-1.2283904465125692,1.074841640698498,-0.07677440290703556,-1.2283904465125692,-0.07677440290703556,-0.07677440290703556,-0.07677440290703556,-0.07677440290703556,-1.2283904465125692,-1.2283904465125692,-0.07677440290703556,-0.07677440290703556,-1.2283904465125692,-1.2283904465125692,-1.2283904465125692,1.074841640698498,1.074841640698498,1.074841640698498
rs1001,-0.16273911102858832,1.0578042216858243,-0.16273911102858832,-0.16273911102858832,1.0578042216858243,-0.16273911102858832,1.0578042216858243,1.0578042216858243,-1.3832824437430011,1.0578042216858243,-1.3832824437430011,1.0578042216858243,1.0578042216858243,-1.3832824437430011,-1.3832824437430011,1.0578042216858243,-0.16273911102858832,-1.3832824437430011,-0.16273911102858832,-0.16273911102858832,-0.16273911102858832,-1.3832824437430011,-0.16273911102858832,-1.3832824437430011,-0.16273911102858832,1.0578042216858243,1.0578042216858243,-1.3832824437430011,1.0578042216858243,1.0578042216858243
rs1002,0.10421815205413071,-1.4590541287578302,0.10421815205413071,0.10421815205413071,0.10421815205413071,0.10421815205413071,0.10421815205413071,0.10421815205413071,0.10421815205413071,-1.4590541287578302,1.6674904328660916,0.10421815205413071,0.10421815205413071,0.10421815205413071,0.10421815205413071,0.10421815205413071,0.10421815205413071,1.6674904328660916,1.6674904328660916,0.10421815205413071,1.6674904328660916,-1.4590541287578302,0.10421815205413071,-1.4590541287578302,-1.4590541287578302,0.10421815205413071,1.6674904328660916,-1.4590541287578302,0.10421815205413071,-1.4590541287578302
rs1003,-0.9882470856009034,-0.9882470856009034,-0.9882470856009034,1.1294252406867467,-0.9882470856009034,-0.9882470856009034,-0.9882470856009034,1.1294252406867467,-0.9882470856009034,-0.9882470856009034,1.1294252406867467,1.1294252406867467,1.1294252406867467,-0.9882470856009034,1.1294252406867467,1.1294252406867467,-0.9882470856009034,1.1294252406867467,-0.9882470856009034,0.07058907754292165,1.1294252406867467,0.07058907754292165,-0.9882470856009034,1.1294252406867467,-0.9882470856009034,0.07058907754292165,-0.9882470856009034,1.1294252406867467,1.1294252406867467,0.07058907754292165
rs1004,-1.3533583956052773,0.9022389304035182,-0.2255597326008795,0.9022389304035182,0.9022389304035182,-1.3533583956052773,0.9022389304035182,-1.3533583956052773,0.9022389304035182,-0.2255597326008795,0.9022389304035182,-1.3533583956052773,-1.3533583956052773,-0.2255597326008795,0.9022389304035182,0.9022389304035182,-0.2255597326008795,0.9022389304035182,0.9022389304035182,-1.3533583956052773,0.9022389304035182,0.9022389304035182,-0.2255597326008795,-0.2255597326008795,-1.3533583956052773,0.9022389304035182,0.9022389304035182,0.9022389304035182,-1.3533583956052773,-1.3533583956052773
rs1005,0.0,-1.2041594577342296,1.2041594577342296,1.2041594577342296,-1.2041594577342296,1.2041594577342296,1.2041594577342296,-1.2041594577342296,-1.2041594577342296,1.2041594577342296,1.2041594577342296,1.2041594577342296,0.0,0.0,0.0,-1.2041594577342296,0.0,-1.2041594577342296,-1.2041594577342296,0.0,0.0,0.0,1.2041594577342296,0.0,1.2041594577342296,-1.2041594577342296,1.2041594577342296,0.0,-1.2041594577342296,-1.2041594577342296
rs1006,-1.0652617558267172,1.3019865904548766,0.11836241731407966,-1.0652617558267172,-1.0652617558267172,-1.0652617558267172,1.3019865904548766,1.3019865904548766,0.11836241731407966,1.3019865904548766,-1.0652617558267172,0.11836241731407966,-1.0652617558267172,-1.0652617558267172,1.3019865904548766,0.11836241731407966,1.3019865904548766,1.3019865904548766,0.11836241731407966,-1.0652617558267172,-1.0652617558267172,0.11836241731407966,-1.0652617558267172,0.11836241731407966,0.11836241731407966,1.3019865904548766,0.11836241731407966,1.3019865904548766,-1.0652617558267172,-1.0652617558267172
rs1007,-1.277744240930813,-1.277744240930813,1.1953091286126958,-1.277744240930813,-0.04121755615905861,-0.04121755615905861,-0.04121755615905861,1.1953091286126958,-1.277744240930813,-1.277744240930813,-1.277744240930813,1.1953091286126958,-0.04121755615905861,-0.04121755615905861,-1.277744240930813,-0.04121755615905861,-0.04121755615905861,1.1953091286126958,1.1953091286126958,1.1953091286126958,1.1953091286126958,-1.277744240930813,1.1953091286126958,-0.04121755615905861,-1.277744240930813,-0.04121755615905861,-0.04121755615905861,-0.04121755615905861,1.1953091286126958,1.1953091286126958
rs1008,-1.3344293739192843,-1.3344293739192843,0.9531638385137744,-0.19063276770275497,-1.3344293739192843,0.9531638385137744,0.9531638385137744,0.9531638385137744,-0.19063276770275497,0.9531638385137744,0.9531638385137744,0.9531638385137744,0.9531638385137744,-1.3344293739192843,-1.3344293739192843,0.9531638385137744,-0.19063276770275497,-1.3344293739192843,0.9531638385137744,-1.3344293739192843,-1.3344293739192843,-0.19063276770275497,0.9531638385137744,0.9531638385137744,-0.19063276770275497,-0.19063276770275497,0.9531638385137744,0.9531638385137744,-0.19063276770275497,-1.3344293739192843
rs1009,-1.1207808582891932,0.12453120647657699,-1.1207808582891932,0.12453120647657699,-1.1207808582891932,-1.1207808582891932,1.3698432712423474,1.3698432712423474,-1.1207808582891932,-1.1207808582891932,1.3698432712423474,1.3698432712423474,1.3698432712423474,0.12453120647657699,-1.1207808582891932,1.3698432712423474,-1.1207808582891932,0.12453120647657699,0.12453120647657699,1.3698432712423474,0.12453120647657699,-1.1207808582891932,1.3698432712423474,-1.1207808582891932,-1.1207808582891932,0.12453120647657699,0.12453120647657699,0.12453120647657699,0.12453120647657699,0.12453120647657699
rs1010,1.2041594577342296,-1.2041594577342296,-1.2041594577342296,-1.2041594577342296,-1.2041594577342296,0.0,-1.2041594577342296,1.2041594577342296,1.2041594577342296,-1.2041594577342296,-1.2041594577342296,1.2041594577342296,1.2041594577342296,0.0,1.2041594577342296,0.0,0.0,0.0,0.0,0.0,-1.2041594577342296,1.2041594577342296,0.0,1.2041594577342296,1.2041594577342296,0.0,-1.2041594577342296,0.0,-1.2041594577342296,1.2041594577342296
rs1011,-0.7982604404556013,-0.7982604404556013,-0.7982604404556013,1.482483675131831,1.482483675131831,-0.7982604404556013,-0.7982604404556013,0.3421116173381149,-0.7982604404556013,0.3421116173381149,-0.7982604404556013,0.3421116173381149,1.482483675131831,-0.7982604404556013,-0.7982604404556013,-0.7982604404556013,-0.7982604404556013,0.3421116173381149,-0.7982604404556013,1.482483675131831,1.482483675131831,-0.7982604404556013,1.482483675131831,-0.7982604404556013,-0.7982604404556013,1.482483675131831,-0.7982604404556013,1.482483675131831,0.3421116173381149,-0.7982604404556013
rs1012,-0.18257418581005533,1.18673220776536,-0.18257418581005533,-0.18257418581005533,1.18673220776536,-0.18257418581005533,-0.18257418581005533,1.18673220776536,-0.18257418581005533,1.18673220776536,-0.18257418581005533,1.18673220776536,1.18673220776536,-0.18257418581005533,-0.18257418581005533,-0.18257418581005533,-1.5518805793854706,-1.5518805793854706,-1.5518805793854706,1.18673220776536,-0.18257418581005533,1.18673220776536,-1.5518805793854706,-0.18257418581005533,1.18673220776536,-0.18257418581005533,1.18673220776536,-0.18257418581005533,-1.5518805793854706,-1.5518805793854706
rs1013,-0.14045601144458295,1.2641041030012452,-1.5450161258904112,-1.5450161258904112,-1.5450161258904112,-0.14045601144458295,-0.14045601144458295,1.2641041030012452,1.2641041030012452,1.2641041030012452,-0.14045601144458295,-0.14045601144458295,1.2641041030012452,1.2641041030012452,-0.14045601144458295,1.2641041030012452,-1.5450161258904112,-0.14045601144458295,1.2641041030012452,-0.14045601144458295,-1.5450161258904112,-0.14045601144458295,-0.14045601144458295,-0.14045601144458295,-0.14045601144458295,-1.5450161258904112,-0.14045601144458295,-0.14045601144458295,1.2641041030012452,-0.14045601144458295
rs1014,1.1368706291680404,-1.2152755001451467,-1.2152755001451467,-1.2152755001451467,-1.2152755001451467,1.1368706291680404,-0.03920243548855324,-1.2152755001451467,-0.03920243548855324,1.1368706291680404,1.1368706291680404,1.1368706291680404,-1.2152755001451467,-0.03920243548855324,-0.03920243548855324,-0.03920243548855324,1.1368706291680404,-1.2152755001451467,1.1368706291680404,1.1368706291680404,-0.03920243548855324,1.1368706291680404,-0.03920243548855324,-1.2152755001451467,-0.03920243548855324,-1.2152755001451467,-0.03920243548855324,1.1368706291680404,1.1368706291680404,-1.2152755001451467
rs1015,-0.9381626553458463,-0.9381626553458463,0.28552776467047486,0.28552776467047486,-0.9381626553458463,1.5092181846867962,0.28552776467047486,0.28552776467047486,0.28552776467047486,-0.9381626553458463,-0.9381626553458463,-0.9381626553458463,-0.9381626553458463,-0.9381626553458463,1.5092181846867962,1.5092181846867962,-0.9381626553458463,0.28552776467047486,-0.9381626553458463,1.5092181846867962,1.5092181846867962,0.28552776467047486,1.5092181846867962,-0.9381626553458463,0.28552776467047486,-0.9381626553458463,-0.9381626553458463,0.28552776467047486,-0.9381626553458463,1.5092181846867962
rs1016,-1.1922955284006551,0.23845910568013093,0.23845910568013093,0.23845910568013093,-1.1922955284006551,0.23845910568013093,0.23845910568013093,-1.1922955284006551,1.6692137397609168,-1.1922955284006551,0.23845910568013093,0.23845910568013093,-1.1922955284006551,1.6692137397609168,0.23845910568013093,0.23845910568013093,0.23845910568013093,-1.1922955284006551,0.23845910568013093,1.6692137397609168,0.23845910568013093,0.23845910568013093,1.6692137397609168,0.23845910568013093,-1.1922955284006551,-1.1922955284006551,-1.1922955284006551,1.6692137397609168,0.23845910568013093,-1.1922955284006551
rs1017,1.2152755001451467,0.039202435488553115,1.2152755001451467,-1.1368706291680406,-1.1368706291680406,-1.1368706291680406,1.2152755001451467,1.2152755001451467,-1.1368706291680406,1.2152755001451467,-1.1368706291680406,-1.1368706291680406,0.039202435488553115,1.2152755001451467,-1.1368706291680406,-1.1368706291680406,1.2152755001451467,0.039202435488553115,0.039202435488553115,-1.1368706291680406,1.2152755001451467,0.039202435488553115,1.2152755001451467,1.2152755001451467,-1.1368706291680406,0.039202435488553115,-1.1368706291680406,0.039202435488553115,0.039202435488553115,0.039202435488553115
rs1018,0.2718362664932959,0.2718362664932959,1.4368488371788501,-0.8931763041922582,1.4368488371788501,0.2718362664932959,-0.8931763041922582,0.2718362664932959,-0.8931763041922582,1.4368488371788501,-0.8931763041922582,-0.8931763041922582,-0.8931763041922582,-0.8931763041922582,-0.8931763041922582,0.2718362664932959,-0.8931763041922582,-0.8931763041922582,1.4368488371788501,-0.8931763041922582,1.4368488371788501,0.2718362664932959,-0.8931763041922582,1.4368488371788501,1.4368488371788501,0.2718362664932959,-0.8931763041922582,-0.8931763041922582,1.4368488371788501,-0.8931763041922582
rs1019,1.1919092972921566,-0.9751985159663098,1.1919092972921566,-0.9751985159663098,0.10835539066292328,-0.9751985159663098,-0.9751985159663098,0.10835539066292328,-0.9751985159663098,0.10835539066292328,-0.9751985159663098,1.1919092972921566,1.1919092972921566,-0.9751985159663098,-0.9751985159663098,-0.9751985159663098,1.1919092972921566,-0.9751985159663098,1.1919092972921566,0.10835539066292328,1.1919092972921566,1.1919092972921566,0.10835539066292328,1.1919092972921566,-0.9751985159663098,-0.9751985159663098,1.1919092972921566,-0.9751985159663098,1.1919092972921566,-0.9751985159663098
rs1020,-1.2041594577342296,1.2041594577342296,-1.2041594577342296,1.2041594577342296,-1.2041594577342296,-1.2041594577342296,0.0,0.0,1.2041594577342296,0.0,1.2041594577342296,0.0,-1.2041594577342296,1.2041594577342296,1.2041594577342296,-1.2041594577342296,1.2041594577342296,1.2041594577342296,0.0,1.2041594577342296,-1.2041594577342296,0.0,0.0,-1.2041594577342296,-1.2041594577342296,0.0,1.2041594577342296,0.0,-1.2041594577342296,0.0
rs1021,-1.2041594577342296,0.0,1.2041594577342296,0.0,0.0,-1.2041594577342296,-1.2041594577342296,-1.2041594577342296,0.0,1.2041594577342296,-1.2041594577342296,-1.2041594577342296,0.0,-1.2041594577342296,1.2041594577342296,1.2041594577342296,-1.2041594577342296,-1.2041594577342296,0.0,1.2041594577342296,1.2041594577342296,-1.2041594577342296,0.0,1.2041594577342296,1.2041594577342296,0.0,0.0,1.2041594577342296,1.2041594577342296,0.0
rs1022,1.6618979394704905,-0.830948969735245,-0.830948969735245,0.4154744848676226,0.4154744848676226,0.4154744848676226,-0.830948969735245,1.6618979394704905,-0.830948969735245,1.6618979394704905,-0.830948969735245,1.6618979394704905,-0.830948969735245,0.4154744848676226,-0.830948969735245,1.6618979394704905,-0.830948969735245,-0.830948969735245,-0.830948969735245,0.4154744848676226,-0.830948969735245,0.4154744848676226,0.4154744848676226,-0.830948969735245,-0.830948969735245,-0.830948969735245,1.6618979394704905,-0.830948969735245,0.4154744848676226,-0.830948969735245
rs1023,1.2041594577342296,-1.2041594577342296,1.2041594577342296,1.2041594577342296,-1.2041594577342296,0.0,1.2041594577342296,-1.2041594577342296,-1.2041594577342296,0.0,1.2041594577342296,1.2041594577342296,-1.2041594577342296,-1.2041594577342296,0.0,0.0,1.2041594577342296,1.2041594577342296,-1.2041594577342296,1.2041594577342296,0.0,0.0,-1.2041594577342296,0.0,0.0,0.0,0.0,-1.2041594577342296,-1.2041594577342296,1.2041594577342296
rs1024,0.33973943772062887,1.6137623291729868,-0.9342834537317292,-0.9342834537317292,-0.9342834537317292,-0.9342834537317292,-0.9342834537317292,-0.9342834537317292,-0.9342834537317292,0.33973943772062887,1.6137623291729868,-0.9342834537317292,0.33973943772062887,0.33973943772062887,1.6137623291729868,-0.9342834537317292,1.6137623291729868,-0.9342834537317292,0.33973943772062887,0.33973943772062887,0.33973943772062887,0.33973943772062887,1.6137623291729868,-0.9342834537317292,-0.9342834537317292,1.6137623291729868,-0.9342834537317292,0.33973943772062887,-0.9342834537317292,0.33973943772062887
rs1025,1.1919092972921566,-0.9751985159663098,1.1919092972921566,-0.9751985159663098,0.10835539066292328,1.1919092972921566,-0.9751985159663098,0.10835539066292328,1.1919092972921566,1.1919092972921566,-0.9751985159663098,-0.9751985159663098,-0.9751985159663098,0.10835539066292328,-0.9751985159663098,1.1919092972921566,1.1919092972921566,-0.9751985159663098,-0.9751985159663098,1.1919092972921566,0.10835539066292328,-0.9751985159663098,-0.9751985159663098,1.1919092972921566,-0.9751985159663098,0.10835539066292328,1.1919092972921566,-0.9751985159663098,1.1919092972921566,-0.9751985159663098
rs1026,-1.1161113147980666,-1.1161113147980666,0.22322226295961325,0.22322226295961325,1.5625558407172928,-1.1161113147980666,-1.1161113147980666,0.22322226295961325,-1.1161113147980666,0.22322226295961325,-1.1161113147980666,1.5625558407172928,-1.1161113147980666,-1.1161113147980666,0.22322226295961325,-1.1161113147980666,-1.1161113147980666,0.22322226295961325,1.5625558407172928,1.5625558407172928,0.22322226295961325,0.22322226295961325,0.22322226295961325,0.22322226295961325,0.22322226295961325,1.5625558407172928,1.5625558407172928,0.22322226295961325,-1.1161113147980666,0.22322226295961325
rs1027,-1.576614818229588,-0.26276913637159793,-0.26276913637159793,1.051076545486392,-1.576614818229588,-1.576614818229588,1.051076545486392,1.051076545486392,1.051076545486392,1.051076545486392,-1.576614818229588,-1.576614818229588,-0.26276913637159793,-0.26276913637159793,1.051076545486392,1.051076545486392,1.051076545486392,-0.26276913637159793,-0.26276913637159793,-0.26276913637159793,-0.26276913637159793,-0.26276913637159793,-0.26276913637159793,-0.26276913637159793,1.051076545486392,1.051076545486392,1.051076545486392,1.051076545486392,-0.26276913637159793,-1.576614818229588
rs1028,-0.03920243548855325,-1.215275500145147,1.1368706291680404,-0.03920243548855325,1.1368706291680404,-0.03920243548855325,1.1368706291680404,-1.215275500145147,-1.215275500145147,-1.215275500145147,-0.03920243548855325,-1.215275500145147,-0.03920243548855325,-1.215275500145147,-1.215275500145147,-0.03920243548855325,-0.03920243548855325,-1.215275500145147,-0.03920243548855325,-1.215275500145147,-0.03920243548855325,1.1368706291680404,1.1368706291680404,1.1368706291680404,1.1368706291680404,1.1368706291680404,-1.215275500145147,1.1368706291680404,1.1368706291680404,1.1368706291680404
rs1029,1.576614818229588,0.26276913637159793,-1.051076545486392,1.576614818229588,1.576614818229588,1.576614818229588,-1.051076545486392,0.26276913637159793,-1.051076545486392,0.26276913637159793,1.576614818229588,1.576614818229588,-1.051076545486392,-1.051076545486392,0.26276913637159793,0.26276913637159793,-1.051076545486392,0.26276913637159793,-1.051076545486392,0.26276913637159793,-1.051076545486392,-1.051076545486392,-1.051076545486392,0.26276913637159793,0.26276913637159793,0.26276913637159793,-1.051076545486392,0.26276913637159793,0.26276913637159793,-1.051076545486392
rs1030,1.195309128612696,-1.2777442409308133,-0.041217556159058616,-1.2777442409308133,1.195309128612696,-1.2777442409308133,-0.041217556159058616,1.195309128612696,-0.041217556159058616,1.195309128612696,1.195309128612696,-1.2777442409308133,-1.2777442409308133,-0.041217556159058616,-1.2777442409308133,-1.2777442409308133,1.195309128612696,-1.2777442409308133,1.195309128612696,1.195309128612696,1.195309128612696,-0.041217556159058616,-0.041217556159058616,-0.041217556159058616,1.195309128612696,-0.041217556159058616,-0.041217556159058616,-1.2777442409308133,-0.041217556159058616,-0.041217556159058616
rs1031,0.9446203957659232,0.9446203957659232,0.9446203957659232,0.9446203957659232,0.9446203957659232,0.9446203957659232,-0.23615509894148073,0.9446203957659232,0.9446203957659232,-1.4169305936488845,-0.23615509894148073,-0.23615509894148073,-0.23615509894148073,0.9446203957659232,0.9446203957659232,0.9446203957659232,-1.4169305936488845,0.9446203957659232,-1.4169305936488845,-0.23615509894148073,0.9446203957659232,-1.4169305936488845,-1.4169305936488845,0.9446203957659232,-0.23615509894148073,-0.23615509894148073,-0.23615509894148073,-1.4169305936488845,-1.4169305936488845,-1.4169305936488845
rs1032,-1.0528830375931477,0.2105766075186295,1.4740362526304067,-1.0528830375931477,-1.0528830375931477,0.2105766075186295,1.4740362526304067,1.4740362526304067,0.2105766075186295,0.2105766075186295,1.4740362526304067,-1.0528830375931477,1.4740362526304067,0.2105766075186295,-1.0528830375931477,-1.0528830375931477,0.2105766075186295,0.2105766075186295,0.2105766075186295,1.4740362526304067,1.4740362526304067,-1.0528830375931477,0.2105766075186295,-1.0528830375931477,-1.0528830375931477,-1.0528830375931477,-1.0528830375931477,0.2105766075186295,-1.0528830375931477,0.2105766075186295
rs1033,-0.4272206484540501,0.9968481797261167,-0.4272206484540501,0.9968481797261167,-0.4272206484540501,-0.4272206484540501,-0.4272206484540501,0.9968481797261167,0.9968481797261167,-1.851289476634217,0.9968481797261167,0.9968481797261167,0.9968481797261167,0.9968481797261167,-1.851289476634217,0.9968481797261167,-0.4272206484540501,-0.4272206484540501,0.9968481797261167,0.9968481797261167,-0.4272206484540501,-0.4272206484540501,-1.851289476634217,-0.4272206484540501,-0.4272206484540501,0.9968481797261167,-0.4272206484540501,-1.851289476634217,-0.4272206484540501,0.9968481797261167
rs1034,1.2692955174828735,0.0,1.2692955174828735,-1.2692955174828735,-1.2692955174828735,0.0,0.0,0.0,1.2692955174828735,-1.2692955174828735,-1.2692955174828735,1.2692955174828735,-1.2692955174828735,0.0,0.0,0.0,-1.2692955174828735,0.0,1.2692955174828735,1.2692955174828735,-1.2692955174828735,1.2692955174828735,1.2692955174828735,-1.2692955174828735,0.0,0.0,0.0,-1.2692955174828735,1.2692955174828735,0.0
rs1035,0.11836241731407968,-1.0652617558267172,0.11836241731407968,-1.0652617558267172,1.3019865904548769,-1.0652617558267172,-1.0652617558267172,-1.0652617558267172,-1.0652617558267172,1.3019865904548769,1.3019865904548769,0.11836241731407968,1.3019865904548769,1.3019865904548769,0.11836241731407968,1.3019865904548769,-1.0652617558267172,-1.0652617558267172,0.11836241731407968,0.11836241731407968,0.11836241731407968,-1.0652617558267172,1.3019865904548769,-1.0652617558267172,0.11836241731407968,1.3019865904548769,1.3019865904548769,-1.0652617558267172,0.11836241731407968,-1.0652617558267172
rs1036,1.3019865904548769,-1.0652617558267172,-1.0652617558267172,0.11836241731407968,0.11836241731407968,1.3019865904548769,-1.0652617558267172,-1.0652617558267172,-1.0652617558267172,1.3019865904548769,1.3019865904548769,0.11836241731407968,0.11836241731407968,0.11836241731407968,-1.0652617558267172,-1.0652617558267172,0.11836241731407968,-1.0652617558267172,0.11836241731407968,1.3019865904548769,0.11836241731407968,1.3019865904548769,-1.0652617558267172,0.11836241731407968,-1.0652617558267172,1.3019865904548769,1.3019865904548769,1.3019865904548769,-1.0652617558267172,-1.0652617558267172
rs1037,-1.2433080783233605,-1.2433080783233605,1.0172520640827494,1.0172520640827494,-0.11302800712030558,-0.11302800712030558,-1.2433080783233605,1.0172520640827494,1.0172520640827494,1.0172520640827494,-0.11302800712030558,-0.11302800712030558,1.0172520640827494,1.0172520640827494,1.0172520640827494,-0.11302800712030558,1.0172520640827494,1.0172520640827494,-1.2433080783233605,-1.2433080783233605,-0.11302800712030558,1.0172520640827494,1.0172520640827494,-1.2433080783233605,-0.11302800712030558,-1.2433080783233605,-1.2433080783233605,-1.2433080783233605,-1.2433080783233605,1.0172520640827494
rs1038,1.0652617558267172,-1.301986590454877,-0.11836241731407982,-0.11836241731407982,-0.11836241731407982,-0.11836241731407982,-1.301986590454877,1.0652617558267172,-0.11836241731407982,-1.301986590454877,-0.11836241731407982,-0.11836241731407982,-1.301986590454877,1.0652617558267172,1.0652617558267172,-1.301986590454877,1.0652617558267172,-1.301986590454877,-1.301986590454877,-1.301986590454877,1.0652617558267172,-1.301986590454877,-0.11836241731407982,1.0652617558267172,1.0652617558267172,1.0652617558267172,1.0652617558267172,-0.11836241731407982,1.0652617558267172,1.0652617558267172
rs1039,-1.2692955174828735,1.2692955174828735,0.0,0.0,0.0,0.0,1.2692955174828735,1.2692955174828735,0.0,0.0,1.2692955174828735,0.0,-1.2692955174828735,0.0,0.0,-1.2692955174828735,-1.2692955174828735,1.2692955174828735,1.2692955174828735,-1.2692955174828735,-1.2692955174828735,1.2692955174828735,0.0,-1.2692955174828735,1.2692955174828735,0.0,-1.2692955174828735,0.0,1.2692955174828735,-1.2692955174828735
rs1040,0.1998622114650167,-0.9993110573250837,0.1998622114650167,1.399035480255117,1.399035480255117,-0.9993110573250837,0.1998622114650167,-0.9993110573250837,-0.9993110573250837,0.1998622114650167,0.1998622114650167,0.1998622114650167,1.399035480255117,-0.9993110573250837,-0.9993110573250837,1.399035480255117,0.1998622114650167,1.399035480255117,1.399035480255117,1.399035480255117,-0.9993110573250837,1.399035480255117,-0.9993110573250837,-0.9993110573250837,-0.9993110573250837,0.1998622114650167,-0.9993110573250837,-0.9993110573250837,0.1998622114650167,-0.9993110573250837
rs1041,0.9935965188686823,0.9935965188686823,-1.4903947783030231,-0.24839912971717049,0.9935965188686823,-0.24839912971717049,-0.24839912971717049,0.9935965188686823,-0.24839912971717049,0.9935965188686823,-0.24839912971717049,0.9935965188686823,-1.4903947783030231,0.9935965188686823,0.9935965188686823,0.9935965188686823,0.9935965188686823,-0.24839912971717049,-1.4903947783030231,0.9935965188686823,-0.24839912971717049,-1.4903947783030231,-1.4903947783030231,-1.4903947783030231,-1.4903947783030231,0.9935965188686823,0.9935965188686823,-0.24839912971717049,-0.24839912971717049,-0.24839912971717049
rs1042,-0.9446203957659232,-0.9446203957659232,1.4169305936488845,-0.9446203957659232,-0.9446203957659232,-0.9446203957659232,0.23615509894148073,0.23615509894148073,1.4169305936488845,-0.9446203957659232,-0.9446203957659232,1.4169305936488845,-0.9446203957659232,-0.9446203957659232,0.23615509894148073,1.4169305936488845,1.4169305936488845,1.4169305936488845,1.4169305936488845,0.23615509894148073,0.23615509894148073,-0.9446203957659232,-0.9446203957659232,-0.9446203957659232,-0.9446203957659232,0.23615509894148073,1.4169305936488845,0.23615509894148073,-0.9446203957659232,0.23615509894148073
rs1043,1.0528830375931473,1.0528830375931473,-0.21057660751862958,-0.21057660751862958,-0.21057660751862958,-1.4740362526304065,-0.21057660751862958,-0.21057660751862958,-0.21057660751862958,1.0528830375931473,1.0528830375931473,-1.4740362526304065,-1.4740362526304065,1.0528830375931473,1.0528830375931473,1.0528830375931473,-0.21057660751862958,-0.21057660751862958,1.0528830375931473,-0.21057660751862958,-0.21057660751862958,-1.4740362526304065,1.0528830375931473,1.0528830375931473,-0.21057660751862958,1.0528830375931473,-1.4740362526304065,-1.4740362526304065,-1.4740362526304065,1.0528830375931473
rs1044,0.8860085696496606,0.8860085696496606,0.8860085696496606,0.8860085696496606,-1.530378438485777,-0.3221849344180583,-1.530378438485777,0.8860085696496606,-1.530378438485777,0.8860085696496606,0.8860085696496606,-1.530378438485777,0.8860085696496606,-0.3221849344180583,0.8860085696496606,-0.3221849344180583,-0.3221849344180583,0.8860085696496606,-1.530378438485777,-0.3221849344180583,-1.530378438485777,-0.3221849344180583,0.8860085696496606,0.8860085696496606,-0.3221849344180583,0.8860085696496606,-0.3221849344180583,0.8860085696496606,-1.530378438485777,0.8860085696496606
rs1045,-1.1953091286126962,1.2777442409308128,-1.1953091286126962,1.2777442409308128,-1.1953091286126962,0.04121755615905848,0.04121755615905848,-1.1953091286126962,1.2777442409308128,-1.1953091286126962,1.2777442409308128,0.04121755615905848,1.2777442409308128,0.04121755615905848,1.2777442409308128,1.2777442409308128,1.2777442409308128,-1.1953091286126962,-1.1953091286126962,0.04121755615905848,0.04121755615905848,-1.1953091286126962,0.04121755615905848,-1.1953091286126962,1.2777442409308128,0.04121755615905848,0.04121755615905848,-1.1953091286126962,0.04121755615905848,0.04121755615905848
rs1046,1.4495508284419134,0.1317773480401739,1.4495508284419134,-1.1859961323615655,0.1317773480401739,1.4495508284419134,-1.1859961323615655,0.1317773480401739,-1.1859961323615655,0.1317773480401739,-1.1859961323615655,-1.1859961323615655,1.4495508284419134,-1.1859961323615655,0.1317773480401739,0.1317773480401739,1.4495508284419134,0.1317773480401739,0.1317773480401739,0.1317773480401739,-1.1859961323615655,-1.1859961323615655,0.1317773480401739,1.4495508284419134,-1.1859961323615655,1.4495508284419134,0.1317773480401739,0.1317773480401739,-1.1859961323615655,0.1317773480401739
rs1047,-0.9914197723468797,0.3605162808534109,0.3605162808534109,-0.9914197723468797,-0.9914197723468797,-0.9914197723468797,0.3605162808534109,0.3605162808534109,1.7124523340537015,-0.9914197723468797,0.3605162808534109,0.3605162808534109,-0.9914197723468797,1.7124523340537015,-0.9914197723468797,1.7124523340537015,0.3605162808534109,1.7124523340537015,0.3605162808534109,-0.9914197723468797,-0.9914197723468797,-0.9914197723468797,1.7124523340537015,0.3605162808534109,-0.9914197723468797,-0.9914197723468797,0.3605162808534109,-0.9914197723468797,0.3605162808534109,0.3605162808534109
rs1048,-0.2855277646704751,-0.2855277646704751,-0.2855277646704751,0.9381626553458464,-1.5092181846867967,0.9381626553458464,-1.5092181846867967,0.9381626553458464,-0.2855277646704751,-1.5092181846867967,-1.5092181846867967,0.9381626553458464,0.9381626553458464,-1.5092181846867967,0.9381626553458464,0.9381626553458464,0.9381626553458464,-0.2855277646704751,-0.2855277646704751,0.9381626553458464,0.9381626553458464,-0.2855277646704751,-0.2855277646704751,-1.5092181846867967,-1.5092181846867967,-0.2855277646704751,0.9381626553458464,0.9381626553458464,0.9381626553458464,0.9381626553458464
rs1049,-0.9993110573250833,0.19986221146501662,1.3990354802551164,-0.9993110573250833,1.3990354802551164,0.19986221146501662,-0.9993110573250833,0.19986221146501662,0.19986221146501662,-0.9993110573250833,-0.9993110573250833,-0.9993110573250833,-0.9993110573250833,-0.9993110573250833,-0.9993110573250833,-0.9993110573250833,1.3990354802551164,0.19986221146501662,-0.9993110573250833,1.3990354802551164,1.3990354802551164,1.3990354802551164,0.19986221146501662,-0.9993110573250833,1.3990354802551164,0.19986221146501662,0.19986221146501662,0.19986221146501662,1.3990354802551164,-0.9993110573250833
GENE_1,-0.7524059376759547,-0.6946305312354851,2.0426813896748914,-0.13605014329868365,-0.17200348485763853,-0.3418507059611055,3.1771527159461166,0.7590044839451072,-0.5380246270040088,0.6721341241493637,-0.7739083736646284,-0.29894804978087997,-0.17023036439955738,-0.12100328968354312,-0.2006183226325651,-0.691913637957969,0.9269353071384412,-0.546107395871372,-0.6719299105393371,0.39020558444940595,-0.8093064710011116,-0.4212789438535079,-0.7651583910820858,1.3672067097982379,-0.7016593126498458,-0.5951933601028976,-0.47242950352957797,-0.8006746788856598,-0.6134122012425525,1.953417321808399
GENE_2,0.14881293956579333,-0.20576687156507165,-0.4365095205115062,-0.06076021404400964,0.023318885079628794,-0.28106673748248423,0.5763777033548279,-0.3990694351935831,-0.381444928343289,-0.4543559339589908,0.1981276483235763,-0.19381283071786354,-0.4450764520825864,-0.44651839906169133,-0.4137120277884145,0.0849383017736283,-0.3530563539647201,-0.40893220131629954,-0.421808515584706,-0.42418201821537327,-0.44924684537693627,-0.4313265407400867,-0.425174690617003,0.00158914533928629,-0.3294963403989124,-0.41044951925131296,4.821785409119258,-0.39730722308544775,0.4929153875389538,1.421208179205336
GENE_3,-0.38163738644387285,-0.2166694851778165,-0.32271205043905726,-0.3312439668718029,-0.025790254532044015,-0.33356215998686733,-0.32027144810581915,-0.2715637207289821,-0.30479472299348653,-0.36919992103102883,0.13546668753789995,0.38076692365431003,-0.1267949602274826,-0.30522959119647947,-0.3409269426575458,-0.3407931133897186,5.142385697066269,0.2617866519708575,-0.3511896711642545,-0.19038486550622544,-0.3032806364608995,-0.009623580104029264,-0.0323444740143952,0.4227845980878937,-0.35190111474670943,-0.20815300161638672,-0.3852356688083417,-0.37247658551570473,0.21077212206184878,-0.35818335866013085
GENE_4,-0.8217108298354731,-0.5160403297724573,0.2857344331123958,-0.8562509240930993,-0.9422909760091805,-0.8269988802830811,1.702862593694811,-0.21857620964648064,2.2166701235886612,-0.8651786147958236,-0.9075266033834012,-0.07614926499434868,-0.32262099821853674,-0.2583726953434559,0.8142284012997779,-0.12778478398150453,-0.14723633673623535,0.3236726363964745,-0.02262759424405047,0.6257829027156451,1.0252084190372976,3.3729918957930805,-0.7807535769200864,-0.052362586982041257,-0.6956371365904186,-0.820348131864872,-0.7903780405350082,-0.032888867098299676,-0.13197957150071432,-0.15343845280957083
GENE_5,-0.4519600616378926,-0.30548040225013795,0.8993293725483821,-0.7554441503241096,-0.2891865743316856,-0.23567130946177736,0.7419028858847497,-0.742990564971171,3.9101337885832934,-0.11878684707709576,-0.06172232298964173,-0.5346888412095644,0.3138718323872957,-0.2706846373462842,2.2631758978165406,-0.7514471207484394,-0.1571170896583683,0.11559933776350079,-0.4302502258970115,-0.5360381185003787,-0.5184088068946782,-0.15800308162170648,-0.7759272550930318,1.3216371145646415,-0.5652632670308753,-0.20217603373144502,0.0599089661088693,-0.5814092695316124,-0.3974633786777101,-0.7854398366726583
GENE_6,0.270820185298059,1.0570798114711164,-0.8467418316111297,-0.6686181654953157,-0.8160968197801142,-0.583491557242025,0.135764081260017,0.8059099816403568,1.1821526273200014,1.8556708209386608,-0.6024870581249878,-0.8080878602990799,-0.5543719475834687,0.11269335916355037,-0.8158596259311988,3.739355138232035,0.5947177531316857,-0.5958944184138418,-0.7448434746459712,-0.736329905939566,-0.4488948450068711,-0.605345770262122,0.7155389935288509,-0.6478305421447077,-0.05983777565257244,-0.5101918915377177,-0.30318307211318035,-0.6056116463285142,0.22957140151197714,0.25444405461607134
GENE_7,-0.0985799861553853,-0.03133839381154276,-0.33692358467774486,-0.14888276004063764,0.5166255088600157,-0.08546093023502156,-0.3409345832106841,-0.24360919246355664,-0.13104601651166647,-0.32623522681440703,-0.3521940679159717,-0.2852152606700921,-0.3251355315542662,-0.23670425729796607,-0.3574308456706725,-0.052399822232646935,-0.31739613753731494,0.23624233526714483,-0.280084209924878,-0.23890426624939312,-0.26493566004999325,-0.32145198647317724,5.182381328633522,-0.3052403438568387,0.26202545932127613,-0.34354654409686725,-0.1320638756132969,-0.09075878399340742,-0.23866581332008122,-0.312136551704446
GENE_8,-0.4176718919516671,-0.4352548249895003,4.548713373442591,-0.37729520365209396,-0.20766051146142125,1.4844193802865298,-0.47349861226236517,-0.3646914168733868,-0.418485020194672,-0.38940553764136354,-0.4051552896218672,-0.4645426109454392,-0.3257605690193239,-0.4825246454855429,0.09692233467167378,-0.159480139586344,-0.4447765098539502,-0.4398176939558717,-0.30217319149985755,-0.4689178830402763,1.5773536982870127,-0.27475727545590173,-0.26192335637101494,-0.12749421573628678,-0.4527330294694125,0.19536176171165492,-0.34686830695527654,0.06263231792442925,-0.40810671269016774,0.48359158238911226
GENE_9,-0.27397633647494096,1.2480645740490293,-0.35144515702223034,-0.3028693695751798,-0.37383658613679016,-0.3590246623145263,-0.23040856874988794,-0.05015043692091971,4.901010970816278,-0.3334548763746657,-0.3717419671329324,-0.1953611917766345,-0.3756078065469283,-0.24268187811283498,-0.35786606793285325,-0.301975408877077,-0.06894736190789064,-0.33457606156512065,-0.13612454222757636,-0.15762195204098006,-0.38323359838791643,-0.37100045611414595,-0.3810640513550836,0.8597313571380648,-0.33415424730391585,0.5080817111020204,-0.3816660651101174,-0.3607913323606135,-0.18130895961362037,-0.30599967117001026
GENE_10,0.24686864901967917,-0.7769589585517317,3.045781202443158,0.7330334975365747,0.05045689684471436,-0.6755925166732051,-0.049012966167872846,-0.5331268199277559,-0.8107559558071209,-0.3940768771497923,-0.4616209805027637,1.5800987963416069,-0.8350108150099169,-0.14898307054019083,-0.7649933338471716,-0.0545089444322098,0.014175701181461343,-0.41844058732734624,0.8066933066918667,-0.7760443187656461,1.7512006852120083,-0.6814495823573615,-0.8044191470274189,-0.5238525446407144,-0.8309887855336069,-0.1286776644252274,-0.5173113934897255,2.292682019922025,0.4559023141170178,-0.7910678071333362
GENE_11,-0.28383203683749686,-0.1552137921036523,-0.06180229641481848,0.12064906421695526,0.11559987337839778,-0.24387804747256694,-0.18641790660226273,0.17198539493851944,-0.26012170146190616,-0.1833919146247262,-0.2616143511856581,-0.2734527337765034,-0.23027105609012893,-0.2789429761852627,-0.24744254074246805,-0.28874898430612705,-0.252161459568134,-0.17040651527523826,-0.275086906986896,-0.23441821448828257,-0.21962666551815857,-0.16957908379633874,-0.24766444214663905,0.04212503105774751,-0.3001893016340091,5.249332618695303,-0.28475498556979895,-0.17906693547558536,-0.2865161248392868,-0.12509100918497704
GENE_12,-0.3217604934802239,-0.5947966069476586,0.5152888704814963,-0.4975287847973247,-0.1397407914792463,-0.6245968985295136,-0.45605644532408657,4.161215947885683,0.3324935189503705,-0.30442966304850155,-0.5628222705343079,-0.4196090672145645,-0.36238120533323076,-0.21430622064609342,-0.6375026204345234,-0.03098830631218129,-0.6384199208397033,2.0874672644217247,-0.6098004099399787,-0.3106573767481906,0.3989619895176212,-0.5208454799476814,-0.28511720653071826,1.3813638988256352,-0.1254944257099733,-0.27604251080426995,-0.6660719162535483,-0.626085155890588,0.46907957573998876,-0.12081728907641014
GENE_13,-0.042345117316333655,-0.09823735367192189,0.5784961772442836,-0.39816764591617126,-0.31646797791448034,-0.4703946554546163,-0.48082355053962034,-0.4905318253053611,-0.46236699894910854,1.1014793083236663,-0.4885885681623137,-0.4046384400786136,-0.48133925342171313,-0.44033427328446545,-0.3021205472501912,-0.4491064643244934,0.2978702216925117,1.0573487573426565,-0.49845855283714996,-0.44768301782462405,-0.3329412269992136,0.3429255902329448,-0.42470530147946045,-0.35205387357874185,-0.4762361100934615,-0.4881264281646968,0.8630793379245592,-0.4936802526557315,4.6379352266721,-0.03978718421023973
GENE_14,0.16915296906660177,0.05144421361350421,-0.4418749218068684,-0.11535286180731405,-0.4217661804146288,0.028531593654894376,-0.36399562119053397,-0.5718134017625697,-0.5628736981606881,-0.5753025235031969,0.6130228773865156,-0.5262662473438416,-0.6255213211805429,-0.11158281011802129,2.1946992701619714,0.2907566003228084,-0.5237853302834989,-0.6150690941187679,-0.40294763904560327,-0.411735961417854,-0.5737741777086923,0.026486513595343167,4.026434961071631,-0.23380253516671076,-0.2699575330247126,-0.5704156554391531,1.7377070581221512,-0.3807655859766676,-0.5193806182850699,-0.32025233924048363
GENE_15,-0.2428628938260768,-0.38087957023434105,0.46245217703715447,-0.286292887598977,-0.4810811827292555,-0.2782381140194986,-0.22797449823154903,-0.5693549058698416,0.376257913419531,-0.4839207017326724,-0.47961048988073435,-0.05999523170766326,-0.06335813819818673,-0.5336297016680206,-0.01707725843905267,-0.5194541407728036,2.0574527132958567,-0.5441472071666117,-0.3462743889980881,-0.540563982819141,4.260034266036283,-0.5670823751522737,-0.21414017847753378,-0.5366435872559115,-0.4923725683907039,-0.25243676300028917,0.4920699838308736,1.3815146066300656,-0.5768533894538939,-0.33553750462664367
GENE_16,1.1095952872160242,-0.5265946337648612,-0.2450340757957977,-0.35702206697452527,-0.19699754625969415,-0.48329823128591587,-0.5198890220130973,-0.530866584593467,0.25850946973675654,0.4273304298473058,-0.2501883179234268,-0.4583707141370509,-0.5251496886318227,-0.11088170009808809,-0.5058839827113593,-0.4777349692765029,-0.4646452863529055,-0.4038627340307516,-0.48213161759566436,-0.34692791656700595,-0.46859637179397323,-0.011858578921678284,0.32687848781506584,-0.3237497412551808,-0.17124255298915006,3.890837187493193,-0.5095067578181337,-0.5122855735422366,-0.016897879011027295,2.8864656812349723
GENE_17,-0.4648776609382695,3.5080736908516994,-0.3144907732899615,-0.5642081304577053,-0.6062236450261466,0.12965747895822263,-0.5976789069544929,-0.32264516892821704,2.6982073472216914,-0.47912100089756654,1.5759411724755328,-0.6264815666977191,-0.536325340419234,-0.6392200330059103,-0.32702216845767984,0.3342664174077981,-0.3258696037165355,1.30039826302684,-0.5752145389875886,-0.23710560509620826,-0.5349574599158878,-0.13723141276621217,-0.008979705211950021,0.07470958783480489,-0.6142460001877242,-0.5946119450076996,-0.568107140555158,-0.4578782541334467,-0.31948785796319545,0.23072996083791314
GENE_18,-0.3844902674120241,-0.4071375995983243,2.611790125677176,-0.39607721002139223,0.0007246588941890614,-0.2928035218078578,-0.2438634400225399,-0.29881502731041815,-0.35090982509565566,-0.178448583334167,-0.3561026833633543,0.2688661747289827,-0.13781685396784926,-0.12441544384656547,-0.3621453370540748,-0.3341833008690609,-0.39785368624357564,-0.34763158014787787,-0.39273131876550993,0.43800393876066096,-0.2891334550887628,-0.263736675734604,-0.3327630110094086,-0.2573429814002687,4.399183696724055,-0.3418268756368594,-0.37293912807216095,-0.15363481163241327,-0.4152521532710063,-0.2865138240793328
GENE_19,-0.23808843959356343,-0.30045441088233865,0.044035039966239475,-0.14608014237269265,-0.3289969847800515,-0.27286677274797105,-0.3386746061402767,-0.06190115172948752,-0.06604451551951071,-0.2863360085098784,0.06318446616180252,-0.3147763843833159,-0.298853343705753,-0.004879471931963605,-0.27704214278053013,-0.17737376012852948,-0.2638425560799973,-0.243969901763489,-0.2373929496077065,-0.2787552767896561,-0.05803070493319924,-0.2709379533535474,-0.15696519205850587,-0.28077474236983796,-0.3230368106155006,0.36554975655387745,0.03931016504075168,5.227097595786802,-0.30348032465059993,-0.20962247608157192
GENE_20,-0.3023681740887479,0.5662532868726479,-0.3889180022175661,-0.46030447073578046,0.9804796876197622,-0.3514847499487967,0.4027610766831175,0.2577412064429005,-0.2705223802226864,-0.31563211649985384,-0.3674955675079499,-0.2653598702560651,0.3819078741231322,-0.42877504199823185,-0.21694418115052833,-0.45688441602391844,-0.44759424836371564,-0.2708863476918372,-0.48931833474543557,4.825588490881844,-0.46166297247998117,-0.27403818831988763,0.8949954226354344,-0.4357347067748943,-0.49446201356851316,-0.3778548883760334,-0.43691064822966597,-0.4941535736148698,-0.13075976827802507,-0.17166238416585383
GENE_21,1.031737379031953,-0.7012715436007537,-0.7320746623117367,-0.5858396405510489,-0.47835017248283995,0.525832417381933,1.919989325438848,1.2367018723805563,-0.2720880476152035,0.31080146326705005,-0.6377752691505577,-0.3453664260840374,-0.7073060661754629,-0.40637506849756894,-0.39227570891062974,3.517433535892023,-0.5321905944674892,-0.391501807712091,-0.30029635829375834,-0.5980617198765141,-0.6644514657880747,1.506145254831657,-0.6872239279566301,-0.7173359078991038,0.13520246723322266,1.0738850380656446,-0.5972237774944399,-0.5933974623910131,-0.26766417748738985,-0.6496589487765465
GENE_22,-0.6107912091915402,0.45511876430974874,0.06526649777545049,1.5131477347404747,-0.6594994661354544,-0.5607646397611665,-0.2333619910920161,-0.6294607837210147,0.10634951016003041,1.2429021133583902,-0.5774692381570339,-0.3778187946879736,2.05031959230114,3.9099349165330977,0.2438180549081273,0.04955720774265928,-0.6206383093099723,-0.17455670839119566,0.009135500267544418,-0.48038915688324907,-0.5796680238858046,-0.6614994498544824,-0.6840306832655747,-0.6902275539227359,0.033851097391166596,-0.3192943368082316,-0.5566170634326728,-0.5180185111732543,-0.28102031714776804,-0.46427475266668794
GENE_23,-0.5569604444546276,0.07565521203676212,-0.31650677699588164,-0.33114911399999253,0.0055875153938204376,-0.5301183312180904,0.44897354312813187,-0.44429786322249837,0.052117716863936854,-0.0782213556279251,-0.5442005072637862,-0.22523491549558353,-0.3076310708416438,-0.40500653165179784,-0.4347286418565116,-0.4328789055893307,-0.01583071906628084,-0.18307541715476713,-0.40496282755500307,-0.5614885101851579,-0.22969741699133656,-0.08629883096238808,4.668772457753245,0.25634169988017397,-0.5696080237784881,-0.3919651788168122,1.940849903264285,-0.15500434723790105,-0.30666068134005614,0.06322836298550684
GENE_24,-0.6020602696441416,-0.11377837190286182,-0.5154423026912974,-0.43161802687294126,0.30398713122518783,-0.6445615509427586,1.3181333754820752,-0.5615911019544542,-0.28193779342441766,-0.6819316828750881,0.150332026754437,1.8647050226006068,-0.5817206889709692,-0.6622388157670325,-0.2704596611536573,1.8970873159951291,-0.6845068650188894,-0.6619102353316385,-0.5687832594559321,-0.6318534397916965,-0.6314442343407423,-0.7052724406371874,-0.004346451376117906,-0.2277685964133934,-0.6949532434951881,1.9064600845718305,2.9539492429390584,-0.6223940389329398,0.9790635117915262,-0.5931446403665052
GENE_25,-0.4658705430249893,-0.6194705375658046,3.481678184706522,-0.5662129312569913,-0.4813256262169495,-0.6088688298855516,1.778370961775485,1.8727660445948042,1.0652670419677666,-0.03409895885255377,-0.6035724594484193,-0.14427870186826094,-0.5141437019819568,0.4091112268057977,0.13562236840028574,-0.605685068358464,-0.042162664274234485,-0.24602307975407117,-0.6598432994567265,-0.16476997000974344,-0.5838960038090325,-0.622573048580944,-0.6199482012501228,-0.5400408502324409,-0.35479462911816007,-0.6428831417793918,-0.46328260312840835,-0.30681378053899044,1.7801661072644275,-0.6324233051228842
GENE_26,-0.5385140038280735,-0.10619692684923943,1.8930369483763627,-0.5182295171160648,2.1102622487619036,-0.7998235954239095,-0.7522053339070158,-0.005821293272808726,-0.7678206950854997,-0.742883092157103,-0.6060341775899488,0.720823252949538,-0.7981192672264545,-0.19843726084584115,1.4640651811726983,-0.46333411693802196,-0.5466951986876131,0.06224936475282584,-0.46178723930298043,3.0895718841122957,-0.7345952208091041,-0.37626380927694936,-0.16420169892099087,-0.550704322881408,-0.8198723213753308,-0.44431295775076163,1.050406967670062,0.7363816440191776,0.0017641117887804245,-0.7327095543585277
GENE_27,-0.09923514806220182,-0.3007435082778011,-0.11522940407763126,-0.18782199735271707,-0.3286409916103768,-0.324133080304166,-0.1146583044861661,-0.25791557781666674,-0.32103049953121465,-0.3258305867876154,-0.27008963925442075,1.1652536354971883,-0.296215478874487,-0.21990826458584792,-0.1929416314293819,-0.3355983622520192,-0.3519164659132595,-0.3310815649805046,-0.15166983451393293,-0.196537821239956,0.05465157961170702,-0.19418004106778014,-0.23891049672805942,-0.30350040254800353,0.1856802826990544,-0.3256306642782469,-0.3347609969245391,-0.021950572225921765,-0.3425678738168809,5.077113711131851
GENE_28,-0.32631502455889305,-0.27387176484159437,-0.4043746188463842,-0.37373840161025884,-0.3827636831771122,-0.3906240397524803,-0.18931971530795375,-0.3844319993236396,0.0003234302836732143,4.67528011117274,-0.37197864800731234,-0.3141656463926802,-0.26618533924503796,0.9912980088703417,-0.34926828493404677,-0.4052255177666623,-0.4182710684046072,-0.3461373015582554,-0.38434598227921596,1.4850653460806693,0.905092638824886,-0.4124147077984131,-0.39996219560345303,-0.3273001837520547,0.33241173777574395,-0.3299075847452462,-0.3967251862271133,-0.3462533251399757,-0.3957088885382101,-0.2001821651974514
GENE_29,-0.7522983673204775,-0.6973445457767057,1.7103419075923714,-0.7657828099783861,-0.8582402180493922,-0.38170303640719455,-0.6435360530972076,0.07719571648480915,-0.17215897647720382,-0.4733947103985275,-0.4920862750910741,-0.7585437508937608,-0.390863614081863,0.8097864087659568,-0.8041464343349319,-0.4556490662658489,1.266974803142633,0.06835755240192332,2.359585353182927,-0.7150321498657266,-0.8812193878021317,-0.29086226454643205,-0.12047230882514474,2.661921740491441,1.8154467241958516,0.1154484309230907,0.5352549855891523,-0.5666441311420418,-0.8369760452477546,-0.3633594771683552
GENE_30,0.7264669963544307,0.1598623622762868,0.43360831679062295,-0.5612420366197346,-0.5126077637725107,-0.04524121978486409,-0.5900489208865415,-0.583065239423716,-0.21341229976856355,0.3122664754326676,-0.48916675418596073,-0.6792094222255682,-0.6265701414221153,-0.2825858427322539,-0.2908076104360273,-0.2561988568411142,-0.004762182962635959,-0.39948388573680343,-0.23868194691753217,-0.4243229402735597,1.1409258492044885,2.137064122830883,-0.681435156892561,-0.5091033815233247,-0.3855465888154642,-0.5130693284423573,4.199779798684061,-0.2685234101127234,-0.6375914492627474,0.08270245746523616
GENE_31,-0.2732528125523421,-0.25001030231491683,3.8337608611625957,-0.21539582649403397,-0.5360518543277493,-0.712055352696082,-0.4917710727171394,1.4205717722892859,-0.463925945986683,-0.7176633352733801,-0.5847138509100898,0.6148968142963915,-0.041130427546388196,-0.6422279801678925,-0.598416901803401,-0.5645536250367077,-0.6160612452092031,-0.7137587560488524,0.2243009724682039,1.2685721140053847,-0.6971238912809954,1.2294044943374158,-0.46858327327618415,1.1751982535382772,-0.40745152605928775,-0.3568879134898138,-0.19847000461054154,-0.635558911020203,1.0901943008137087,-0.6718347740893742
GENE_32,-0.7024492549476495,0.17382226746200716,-0.7456243481953427,0.7131920193186226,3.193516819717367,1.4344410438327435,-0.9641670854182778,-0.35124574300217865,1.4939211568442992,-0.9195390046624802,0.5806038190769539,0.4534715703849198,-0.9070016794706323,0.8646834763405016,-0.19303114483667172,0.41687831048971763,-0.8685313508671868,-0.32742211628203016,-0.9520899971600835,-0.9758270823436787,-0.3366541376311017,1.7772293566753008,-0.2164040483876045,-0.5099527037760588,-0.5920417844140827,-0.8640070816213503,-0.6121795247727695,0.0073716354750066266,-0.7165601917275556,0.6455968038992961
GENE_33,-0.2559303053396764,-0.08041094548965104,1.3548546985093504,-0.8395700639824942,0.6294396598621969,-0.7697175750729721,-0.044056189283845026,-0.8883356166755922,-0.9701558538585032,-0.3834385465319808,-1.098963818550485,-0.7163783853926727,-1.0787774670279553,0.9775123914453799,2.037884849531687,-0.957974359426305,0.11178128711071594,1.3943227002911538,1.4070158773499137,-0.23114756158444996,0.839648191437791,-0.8896643927572084,-0.3932667191293512,-0.8116512171696703,-0.9191942571106544,-0.44401283738644415,-0.03082535282088425,2.6267277736395025,-0.15949716546830844,0.5837812008814183
GENE_34,-0.26122302775103307,4.232542351057541,-0.4787572301853988,-0.45446497008638387,0.2797835065256797,-0.434918883221156,-0.16812457739113099,-0.3660731432601177,1.4849279313076533,-0.4685318196737426,0.039072614670016735,0.6708264389745686,-0.4660174003518752,-0.21335991556927514,-0.4646253267403987,-0.3966954847704909,-0.4273196443030478,-0.4820219044995489,-0.3260868784068667,-0.3804861458902962,0.2855621470778215,-0.27488717996166373,2.1173968628280484,-0.38598721279600046,-0.4128288134378455,-0.4207991053726354,-0.44099778229777187,-0.48124776096972927,-0.4241226047931565,-0.4805350407117659
GENE_35,-0.14861755185245756,-0.31529581147972924,-0.30557691436127055,-0.2959388380057021,-0.26204178549358925,-0.23677868661826612,0.13773858594180896,-0.29096543002386677,-0.1408226638267058,5.193124506597405,-0.16779707693343537,-0.25951876189673523,-0.3010471517666471,-0.2609587380607946,-0.30528286126050647,-0.19213764024935698,-0.22229411477238695,-0.3260096011743592,-0.24025200542217032,0.131933312818213,-0.2791114186888568,-0.2950947482013518,-0.31796329218631286,-0.32393594573011936,-0.009906399787051563,-0.259622595381552,-0.03712686862740596,0.5839293537366629,0.03624467948204324,-0.28887353677550237
GENE_36,-0.2615475872353437,-0.3454818284058236,-0.35065116289841486,-0.218876282664333,-0.3564776934235535,-0.3813653347994938,-0.35876824917246714,-0.32229762564035574,0.5881144840198499,-0.3374195201417994,-0.17091619816222495,-0.3078157750981166,0.24017015229022545,0.17844202356594902,0.19479898029509957,-0.3776088348443248,-0.24954695013652325,-0.07491124203862784,-0.20894249414782834,-0.12689694024412881,-0.27657002029940536,-0.3524798677865434,-0.3771895711256504,-0.3472648818063614,5.131786525388074,-0.3370409043216037,-0.3797231410386795,-0.0869004565608001,-0.02660653378550824,0.2999869302187132
GENE_37,-0.17921921915307606,0.2121160534320062,3.348696213741106,-0.6144945588227678,-0.6360353984148163,-0.6486129918202265,-0.5263212263953971,1.5002675176352103,-0.13281900541998481,-0.1652452922854366,-0.6814716966576753,-0.6076661669097244,-0.6818766827638555,0.7854393756152604,2.064188150474528,0.1262701882365728,-0.6399120714130173,1.6665215520099654,-0.5230644587921928,-0.6567716513933871,-0.6379223616959372,-0.5638796602687922,-0.4223695427141814,-0.4971773085317233,-0.6674236141321864,0.8820823965923237,-0.4939133162772517,-0.6104161924308436,0.6558278014657781,-0.6547968329102806
GENE_38,-0.5377560585336972,1.2638711278712125,4.0569343771826345,-0.42595874626777913,-0.30868533277182725,-0.5128068994485945,-0.2884155200065736,-0.42869285025800175,-0.32909046967927413,-0.06128526891996771,-0.5091487353216244,-0.4039945626433932,-0.5431804975599662,-0.4023764712372454,-0.3260427342990914,-0.17974847351955883,-0.17363731443794722,0.4887536139604545,-0.5343895942612175,-0.5321488423718131,0.0370495326141146,-0.548556050645017,-0.20501561124752762,-0.515190569994719,2.302522900353167,-0.16726178487451923,-0.36646980162722,1.1453378457206231,-0.5063607136728874,-0.4882564941027443
GENE_39,-0.4643267695636482,-0.44678439934977515,-0.32891276745719294,-0.18538910624729982,0.12000586437490664,-0.4766443815279796,-0.3752204008185441,-0.45874414937752656,-0.38063368947583937,4.263949941922457,-0.26397852315935677,0.06623143337932888,2.226682624328866,0.29125301205280846,-0.4127535895801254,-0.4647874912015298,-0.3489994631004258,-0.4247873746995514,-0.47136770705900166,-0.28030446758194233,-0.2724598251064568,1.5491831814375663,-0.40266019536346415,-0.2678528469639155,-0.4331273171871218,0.04487661804585602,-0.36709059700630237,-0.4612476582179436,-0.3455320500714595,-0.22857790542538256
GENE_40,-0.3507409520548226,-0.07455641982271458,-0.4627706109568539,-0.44881048106226645,-0.2559628347380543,-0.44430209772233464,-0.35340818292703047,-0.47001063980193,4.3968231234414565,-0.41694197943198513,0.02433264995632979,-0.42223964372932293,-0.3179262968600653,0.30414724283661887,0.003802550795620909,-0.41125804873777655,-0.4045913993309152,-0.09902048500989927,2.2702148123843333,-0.3616923428305325,1.0876124364727442,-0.41454508726247247,-0.12681883774990116,-0.04019110257104531,-0.42742643102809674,-0.4452002207904656,-0.010554414801415151,-0.43489270059729435,-0.4505533525349571,-0.4425182535349506
GENE_41,-0.6282932192864219,1.073603961551034,0.2947889042190227,0.7033883610768006,0.1422545528678287,-0.6484214376873317,0.6602284428467718,2.2979745072561677,0.42258288623960794,0.18606697562672983,-0.698883354131298,-0.1305030451214867,-0.7119250666914532,-0.3505353910840646,-0.823062573138655,-0.8225287949600418,-0.4654246430045196,-0.6328792959968795,-0.23814182574032064,-0.42987937486810884,-0.30661092299197445,0.47013487164839424,-0.6007070207899874,-0.4822520417250261,3.897554514136449,-0.32901747528113107,-0.45819552662118146,-0.26069791872302417,-0.4470511759785037,-0.683567873647394
GENE_42,-0.47272731918405253,-0.45353848034363486,0.2347748492310009,-0.4391940729307978,-0.3570800878212004,0.06337972569307883,-0.3843233739133483,0.007473982307922794,-0.4980681713420547,-0.35157168076268036,-0.2893826547332604,-0.30774352926864196,-0.5011884100951173,0.7174278318232002,-0.4618123963918753,-0.18218052404961632,-0.3124803022768194,0.3979893149597627,4.891309869144263,-0.4888785666676729,-0.4414156275436022,-0.24825056390407846,-0.4794924696175464,0.13895657198679562,0.2021307869753791,-0.0476945721802222,-0.22831778775569528,1.0682165105351538,-0.4823057442339025,-0.29401310764073507
GENE_43,-0.531859786935332,0.348415608970195,-0.5994082860070957,-0.3723669675886683,-0.1961044951835915,-0.5543746794155469,-0.5164443114048217,-0.3559793314053887,0.44743180556685835,-0.5617376417574461,-0.5456219180272277,0.7572215268893286,-0.44715136351672147,-0.5365883922807062,0.1413158838306228,-0.4936349793860261,0.5692491866147915,-0.5218736715556462,-0.41591752520978026,0.4314090126224147,-0.434922428686406,0.17303722536249805,-0.38566018305419814,4.342581948668256,2.053294704243209,-0.5810192296495871,-0.06026204982863411,-0.541064479637681,-0.27746713436691106,-0.334498047870755
GENE_44,-0.5334360853710095,0.4661898795138016,-0.28792211001200946,-0.43808453542760434,-0.46668934307401216,-0.314217066673899,-0.1839889477899898,-0.40041964111889955,-0.5741822607867324,-0.3584918507242016,-0.5526879557870399,-0.4214625668448183,-0.551290676421457,-0.5517508260058803,0.7827352398027048,-0.44528208635112554,-0.4595988587075469,-0.137429681318477,-0.4549075467341524,4.428005609512203,-0.43562881363170386,-0.2084413508382632,0.3377885980573608,1.781576168089323,-0.5071561801544704,-0.46329793642131195,0.8656832163611066,0.14160111385146965,0.4926438083416743,-0.5498573133350401
GENE_45,1.8164637763425437,-0.47008501060627983,-0.2350615972505647,-0.358614741245935,-0.48198448677116845,-0.5161473218249921,-0.5270428621944763,-0.2672147571376633,-0.520477375064294,-0.5017069569644227,-0.377043147663625,-0.5395473824062289,0.20079744861968535,-0.5377360369846674,-0.3378313082838494,-0.3071889972939878,-0.025077920818456726,-0.3264944997473385,4.232526817803293,-0.22372687192836305,0.5804474532470201,-0.4657577997271286,-0.2664921523547554,1.814942995386124,-0.3818937166069132,-0.23508857010596798,0.4641899252663155,-0.46792873621356124,-0.5349230462630423,-0.20430312120729707
GENE_46,0.7708052053871117,-0.611053245963003,0.22983865999558495,0.23882454161972808,-0.6429531355774221,-0.5742641688073247,-0.47509707732973777,-0.40670526110990113,-0.5475910560510996,-0.5558224396689903,3.3133176896331777,-0.3785170337701136,-0.5396590302073997,-0.3497092320454906,0.0699142281094646,-0.3043193113968962,-0.41618693944536567,-0.5316953182603847,-0.5338910553700545,-0.5217622824434159,-0.11622807437991606,-0.5808654964590384,-0.07048927812506287,2.038316372585606,-0.12669071452771372,-0.4679289030179858,-0.6075079707712479,2.7948472170901453,-0.5977356759805121,0.5008087862872657
GENE_47,0.14809820919734654,-0.25292014556050973,-0.2586102386740987,-0.387102943025832,-0.05511060100520748,0.13301027087796796,-0.3594141456088466,-0.23386586168659554,-0.1776840187488401,0.10545431601477818,-0.1887820881027524,-0.3821542875504256,-0.30543461831291635,-0.10563815678287607,0.3433865445194836,-0.31715433848991154,5.2026636035596745,-0.38823439463305015,-0.31012986387056524,-0.21464053027162383,-0.24472644065430413,-0.367351697276593,0.011644475443863236,-0.033185513021433105,-0.1742826084037389,-0.054187733760746884,-0.2890219254101594,-0.38190597358196443,-0.32865826308991825,-0.13406103209020326
GENE_48,-0.2479289899160844,-0.33704416613489796,0.17192676159838302,-0.6079255299852634,-0.34677624444589833,0.20602947386258882,-0.4140534325799382,-0.7183804471998831,-0.684194960447652,0.6752291318197193,2.603476846008777,1.6618076434693523,-0.18917664925012195,-0.7143430054501272,-0.3678809453219406,3.58579815792587,0.2773363917930189,-0.4760829704625745,0.2935876996956509,-0.7208722579169299,-0.6356153078955035,-0.700864269942701,0.06500239825070883,0.44091322738656147,-0.450332509237212,-0.6701081610197951,-0.3761470486828883,-0.5811899718355662,-0.6562891076924443,-0.08590175639320317
GENE_49,-0.36686803028722054,-0.3896430062522745,-0.3858281534776333,-0.39016234975563086,-0.25279690799782634,-0.2726531368382623,-0.28178292467023996,-0.15525908836062122,0.20474013983810666,-0.3577194273179883,-0.2133508017908951,-0.3898329775479494,0.400019723155258,-0.3836671360910957,-0.3644525570183243,-0.3580574087748235,-0.389045554211589,-0.29316834623323507,-0.2599986365260575,-0.32322258825134836,-0.38925799417435253,1.5805269997457774,-0.16895269485297787,4.856112695839621,-0.36908004565202157,0.025889939514975587,-0.07403698374512258,-0.33393146486539266,0.43975132443935716,-0.3442726078402136
GENE_50,-0.5829138406561787,-0.8782046152258067,0.06504032671529097,-0.810870487950719,-0.6567802399871361,-0.7711262832627144,-0.5852921081466734,0.11581381795045814,-0.36015803472835417,0.6040577837740656,2.5383139548398654,-0.5864274311913733,-0.6311496257724788,1.2735574878257192,1.545780164736561,0.6746265038354712,-0.7582189515727747,0.08457707947052676,-0.27738117698196024,1.6027957115141804,-0.6641081665308864,-0.8389610720105288,0.5614553204813185,-0.8699737651096763,-0.7100409301935214,-0.7706266965969718,-0.7717369136797605,-0.7144749943663645,2.299555160886592,0.872872021933828
GENE_51,-0.5685397571188017,0.9554747376377473,-0.7219594621822438,-0.733888340073934,0.37527427663382373,-0.027710458840506012,-0.6271133976504658,-0.7286788299640108,2.05464124961368,-0.7625064904363946,-0.6569672416829242,-0.338395556958939,3.962197626474039,-0.2214798344573972,-0.13277036839647763,-0.6511948650018461,-0.04031201449059426,-0.41405965646242876,-0.7572452574116746,0.25842524347542006,0.5771394039984254,0.27490365313604165,-0.45218892609473066,-0.7108045048336394,-0.7766468615397929,-0.38399205966134337,0.8255268352302285,0.6295462962734724,0.29533192886529197,-0.5020073680800273
GENE_52,0.6938009890160843,0.3631298265258628,-0.6702045593751784,-0.006417961445448706,-0.6949051417069718,-0.15864642409280402,-0.7857794206670264,-0.7805909991753087,0.6284508512400314,0.3873149734116426,-0.057734784482588196,-0.48834787557213516,-0.8199664487890352,-0.5620037984664588,-0.2395409734967833,-0.6946597851910312,-0.725918005534778,1.7716753869480473,-0.5561148585189825,-0.23900032315131436,0.12305043360592181,-0.7618956603487999,-0.43023117234649955,1.3278950113755899,3.7333829594764265,-0.5119733169641262,-0.6197665788410106,-0.3822967921535383,-0.39895823105795897,1.5562526797781733
GENE_53,-0.6119972916796981,-0.5136726868844292,-0.6204402149213735,-0.6131836815970514,-0.2633282120794736,0.10249420849130941,-0.5771964099045507,0.0603405334052351,0.5406138787617761,3.4741041973298565,-0.4107397362392719,-0.5759489330735854,-0.6124599774433095,-0.6194499598357992,0.817863626470603,-0.639552944666206,0.7483948252441666,-0.60121454793697,-0.5816822119676999,-0.4819867496513662,-0.583900540286064,0.25637655631193484,2.7855537221513815,-0.5782245664836453,-0.5441737680926082,-0.48515255435113763,-0.15150083742826606,-0.482509591391479,1.1569981536119205,0.6055757141358046
GENE_54,-0.5861061993205609,-0.020216782801617393,2.112576185770327,-0.4998805554779091,-0.4529805028520999,-0.5063842421736615,-0.5023228299676418,-0.6105524306119273,-0.5952541963857743,-0.31819810551802735,2.0849477196570865,-0.5216594311060355,-0.5264853923097117,2.9701559497860175,-0.5802828597333752,-0.610302576589519,-0.5525184186691187,-0.529653433945472,-0.6131207866817988,-0.40185249146005697,0.531028396444112,-0.5927428554484193,-0.3133822118765276,-0.12510119289779836,-0.3858013430349253,-0.2626210528483412,-0.2560910363732476,-0.5505769393837971,2.024403423104843,1.190976192704981
GENE_55,0.9496707092756603,0.5696725419451478,-0.6602955146145546,0.4150169620641313,0.047794488111279405,-0.6587601525857235,-0.4872786636874114,-0.2703438145112105,2.6464535414584454,0.12797777247281333,-0.6110997659944896,2.8054528908710306,-0.3929964246852854,-0.49912145978827965,-0.5180860810865677,-0.662112518487762,-0.45330549411968984,-0.10717553235351476,-0.5321510868172045,-0.1703553262371051,-0.6110801008698373,-0.463937789356711,-0.24479927324352693,-0.32128782061107813,-0.6614512683833635,-0.5440529217113476,2.7128205396369682,-0.5549990353281383,-0.4050422672937396,-0.44512713406893234
GENE_56,1.7897472776589347,0.8758483338513882,-0.03487727076361877,-0.8322183599492958,-0.45424847045367295,-0.293477388735487,-0.8020134533873163,-0.8223473353731054,2.400323398528425,-0.7290057130794342,1.9844611617947887,0.24684784712891958,-0.421118309364453,-0.38853408620776453,-0.8602512534621901,-0.5436005543759197,1.2456130218042805,-0.1825978466443965,-0.5699145579073316,2.4346853816055125,-0.6981972003712045,-0.7907517048107439,-0.5701579339861151,-0.08604741784096925,-0.8720763520125184,-0.5003680633124241,-0.0312539284735523,-0.7212314142250807,0.4507946085898074,-0.22403241622546005
GENE_57,4.563957893070337,-0.36524689862081006,0.26880567376720044,-0.3867594315014547,-0.4126575241410854,-0.42099438006086937,0.02052283603430327,-0.16531674546987263,-0.33244346146179854,-0.41642300163971874,-0.35907962135850663,-0.22810893656824016,0.2305160659408208,-0.23427531087488676,-0.13692425082306625,-0.31607655411397173,2.342950708041648,-0.3868201122605011,-0.3600214829206488,-0.3343810967223885,0.02349599395409145,-0.38814948642242114,-0.18393385373368007,-0.17289801661283372,-0.3595037429188475,-0.10052721270948356,-0.3861311600572825,-0.3928364888878662,-0.19693426395490413,-0.4138061369732641
GENE_58,-0.7074659249694325,-0.0062705548696517,0.8283711740653752,-0.5609156346194599,-0.6024575096147067,0.730686739789428,-0.662737431967228,-0.678790887787886,0.20779944522486796,-0.3948594666109321,0.8657678813692267,-0.7073780767650363,-0.6810513128611806,-0.39226467052559705,-0.1195513540929117,0.42358561208910916,-0.3029730058720484,-0.3092869305374657,-0.5412898806878383,2.771128012653108,-0.6589449259957902,-0.17014967373215206,-0.647364178147577,-0.0041839785006505875,-0.6525561096760111,0.2595598609468185,-0.3404435107766829,3.6766629071982946,-0.5096830386150147,-0.11294357611097706
GENE_59,-0.42940962508867087,-0.3650551601313923,-0.2657873308393917,-0.46917582921183704,-0.4657415922356615,-0.02127881265223125,-0.3358202965926086,-0.41034197688680424,-0.4255107488365643,-0.4217724744846545,-0.263504685823323,-0.11808433183660139,-0.48015906850820034,1.0929668690023397,0.9329255507152765,-0.4826367601625266,0.48003891673546667,0.43644285545789563,-0.29831327175858985,-0.46125521557757554,0.38259650444628523,-0.3561128765091809,-0.05566794806155932,4.812298674281618,-0.21124948308107397,-0.4403833851437678,-0.37359564414891755,-0.430269430910394,-0.12444262219997473,-0.431700799957376
GENE_60,-0.4753018258554343,-0.5610572915087485,-0.3940278822810618,-0.2743586572253964,-0.5927018438217233,-0.23166633304607245,-0.36593071061466936,-0.5185223756504943,4.594025965331238,0.44549265982179864,-0.5493084673373272,0.2734311321307486,1.0040912521057488,-0.2953052408669186,-0.17133255436932116,-0.18583038355756903,-0.586277152824576,-0.4100490620705794,-0.42409688339765383,1.5182843000408672,-0.18866999942330823,-0.43867925053140217,-0.3808340134186861,0.5521108232909323,-0.4094068123065592,-0.5102398140446016,-0.4333860539214121,0.41805325301676366,-0.07597807719646571,-0.3325287004681217
GENE_61,-0.4364599030244154,-0.6078077766467167,-0.5477676340442961,-0.6196253868307511,-0.5677238932568054,0.7426746275229559,-0.6521864165129195,-0.6222554821858665,-0.6609657238985838,-0.669004596112271,-0.5462286619974825,-0.6146365429496808,1.9819028859231922,-0.5655165683509401,0.6257073717299644,0.12246314053162376,-0.5509318718517184,3.8161915100812314,-0.40542697856168025,1.1500282097383392,0.8552228766749784,-0.3357077653560802,-0.10314155158927972,-0.20496814789976467,-0.6557653168850646,-0.482693595703719,0.2628157203759965,1.1867581186422687,-0.6254202343731183,-0.26953041318939847
GENE_62,-0.36862518690610496,-0.4923694765872954,-0.2342413429413154,-0.32911294820120424,-0.07156402788093143,1.8442476752233856,0.22271401176876124,-0.26765114434580267,4.1348526078691155,0.8304328493164911,-0.4826607350565735,-0.6936909957631978,-0.6740200041495439,0.46441497820941063,-0.6260545319346582,-0.6760397691450094,-0.6462091579200238,-0.6355355480952649,0.3238987672066152,-0.5064853388764229,-0.7036467358345945,-0.4299856112541087,-0.32646320733031453,-0.596684777361488,0.9426213307894106,-0.5834169492555447,0.8266834980543971,-0.013531115329057744,0.4524859612073152,-0.6843630754764457
GENE_63,-0.3382888829739828,-0.45408654885582406,-0.8507912716922964,1.6753239222600127,-0.7646096779579384,-0.711733526163769,-0.8014147758385705,0.501018319078955,-0.8592154822365343,0.3353594099035669,1.4509446214872845,0.19347800773449086,0.5254303361360005,0.6300295690625748,-0.7905783679420141,3.3286063149801155,-0.66210832750981,-0.46324886325918074,-0.6100678524119739,0.12052344627036582,-0.6893729702306026,-0.36454873103504665,-0.831932984170541,1.9170380556197364,0.43806684601058204,-0.5913934884094635,-0.6654476387503251,0.38631758573044966,-0.7386519210272299,-0.31464512380903054
GENE_64,0.3783285161652817,-0.690615073591442,-0.40583422164953437,-0.4320078163585136,-0.5784509469422928,-0.6563462938730329,0.47234740002641734,-0.6685172238094308,-0.7360627511814748,-0.2329483336997186,-0.716518372749144,-0.19162287946480608,0.7134702753858636,-0.24123016070509098,0.23597117876022575,3.3383142675798387,0.09286484553899826,-0.42486632638072047,1.541381061796174,1.9965082857566943,2.054759829861427,-0.6547117975270224,-0.7231880456345259,-0.662970951178274,-0.18170139895807658,-0.49837767582632286,-0.604221331758038,-0.2913499704829556,-0.7273513675177777,-0.5050527215827223
GENE_65,-0.06109092541151182,-0.23403090781985447,-0.20346615920136035,0.2554986690500239,-0.3113398348714275,-0.34116646122979294,-0.027213798315461418,-0.03633274816071277,-0.23229232549345621,-0.31805561614904004,-0.30590884573823074,-0.3540023452484624,-0.06357058712710337,-0.07897435274122581,-0.3544252278347493,-0.1555357203394593,-0.2591354005748935,-0.35014379149069674,-0.35307398647424415,-0.2637644766891693,-0.3313054196367192,0.5003618152321258,-0.12743195182135755,-0.24778513068405378,-0.23898055708266053,0.05192574052961938,-0.16198126829258935,-0.24321807122385797,-0.3493594437632943,5.195799128603615
GENE_66,-0.9188777588503153,-0.6419981149990809,-0.9874063572292939,0.38886761682982424,-0.24148849116449939,0.967178183229857,-0.9937328637053953,2.3414493563283916,-0.850889806502027,-0.5311689856249185,1.5360136857619946,-0.09790424232688581,0.00752936300188135,1.0719239825032976,0.17141595420193922,-0.6587184977150212,-0.544341894859878,-0.16522019667953766,-0.8743849476014343,1.7974969401864265,-0.05836908912982835,-0.32794866636209485,2.7703164795801616,-0.5086042008192542,-0.5560764069875075,-0.7326922430153546,0.025166669825739722,-0.0287637230863875,-0.8061434015890175,-0.5526283432017782
GENE_67,-0.4780287699036047,-0.4898550056268495,-0.6220071524356894,-0.3154852886098078,-0.6204732966596834,-0.41616991481486576,-0.4648963382637498,1.6891950623171603,-0.552460434662777,-0.5034906907998373,-0.3847849888116297,-0.4552246815771462,3.120359822635325,-0.5703557865935724,-0.3839143504671494,0.13918026741689998,1.158898310110319,-0.3842585008484833,-0.6309045253527561,-0.271325088751504,3.0239748904620596,0.08170121050874189,0.032609492606464854,-0.5598170927779763,-0.573854866579231,-0.16034450869118233,-0.601148284713572,0.9062132150491347,-0.5221021607272681,-0.19123054343776724
GENE_68,-0.38257270155387085,-0.3348076513107683,-0.37197909416829494,-0.3853116449424942,-0.1706964363923793,0.7434996856064923,0.13704711017954777,-0.1199136723739272,-0.33641274436206875,-0.06495755387342199,0.2169385914094599,-0.2697619155473282,-0.37194237426035076,-0.34263920859753083,0.8529421482112389,-0.30198883609154475,-0.3876178192256571,-0.37761746839997046,-0.3372099922652742,0.06820214143252208,-0.324197360612511,0.08112174450533191,-0.344436002829056,-0.38320649784949684,-0.34210051223141075,-0.22633728235469344,-0.24529303618080986,-0.37358698001817786,-0.33127897422544994,5.026114338321893
GENE_69,-0.8453690099893769,1.1161758882044572,-0.9336581425610272,1.857950525486414,-0.764190701297386,0.44633283399462326,-0.8555430137301266,0.2291438645978824,-0.7690956183825864,-0.7024229060812518,0.5334956565422021,-0.5615204078399387,0.4010569029563796,-0.3862299270783665,-0.11137365239204743,0.5404900607138085,-0.5095767571278094,-0.7934067294375924,-0.6190016323271141,3.676674417232782,-0.0465622661349349,-0.749240325830846,0.445214693189057,0.5939408602150698,0.7197640782330801,-0.7886001686809329,-0.6891418497602249,-0.6868144337490291,-0.5168114871960602,0.7683192482309015
GENE_70,-0.2769456054864858,-0.25050671142250314,0.539750443316349,-0.10841298261038627,-0.378109298359277,-0.4641970863165096,-0.4408864331423271,-0.3960352382700882,-0.01977587182688851,-0.35770934438867824,-0.4366674928675254,-0.4421383816075777,-0.3656488061736858,0.024883704619648454,0.9780684035381532,-0.3880726887216411,-0.3610425451826852,-0.46520274132218065,1.982867436698422,-0.47053806739689336,0.2940319145831023,-0.4091325350187847,-0.43218790794347267,-0.4615235459097619,4.518065795778379,-0.2992105559462135,-0.3479286980985371,0.022390322497115277,-0.43626086544878373,-0.3519246175702866
GENE_71,-0.3072490423547429,-0.5523151752441614,1.6389428233474457,-0.45161878436439423,-0.6961793838881034,-0.4846606628564085,-0.16397015055235545,-0.6316262798315312,-0.6187165844393626,-0.5613971592195749,1.717088910675299,-0.5453615408708421,2.614110359636477,-0.5783334527698348,-0.09524952352955143,-0.5333974310633909,0.4820958504480278,-0.6610362200541142,0.46178723450371556,-0.2687503268937001,-0.5840862219807706,-0.4284817347076935,3.183758057271321,-0.25170024610984004,-0.5975845704872322,-0.6699534304348171,0.10334877944779702,-0.20782553374807183,0.3789596611252074,-0.690598221054799
GENE_72,-0.5043489048868883,0.8040858533706164,-0.14872616083948367,-0.008079163318190358,-0.48896551101395413,-0.4905096967546815,0.5230157071975605,0.6013059114729145,-0.498760744353973,-0.510530150032402,-0.34064598745790164,-0.47313230420772573,-0.4753735373405897,-0.5090093288455015,-0.426299703819982,-0.5032370028146415,-0.4992598183877117,-0.16788373155773728,-0.32352257097591625,-0.045839605144501604,-0.5256253661629472,-0.3007098298091706,4.891410736110237,-0.4077273236687426,0.28674745704216265,0.275898792599563,0.33883791396849605,-0.23567835625069683,0.01895081167539095,0.14361161420639829
GENE_73,0.05363255381211682,-0.5630022009821375,-0.5911526749694584,-0.5860189565268404,-0.440096533952981,0.013506338964409993,-0.5620577921312775,0.41352843647126913,-0.4903276016791388,-0.4885929491016342,-0.53783841136044,-0.5957750963251541,-0.2495528227190401,2.7332274955109424,-0.3777190324984965,-0.5949780743116908,0.21497211847958783,-0.5885435130317683,-0.5691570249387995,-0.43174409174467526,-0.3028951891372663,-0.554508562821879,-0.4419205457263063,0.13804437404751657,0.3089389838845211,1.0633709663665358,3.881266328289261,0.25239947979389704,-0.4258426998025158,0.3188366981414415
GENE_74,0.0003152773132689472,0.030295464238642666,-0.17201446417712937,-0.42706646377732743,-0.4369470444169725,-0.2789200067505917,-0.1851892983694981,-0.4012428216604612,-0.03050133790770732,5.0188070470070745,-0.47116645078522873,0.0928842248122527,-0.26887730000769183,-0.011329924360384486,-0.36159657018641167,-0.29378393985090023,-0.19390459324425355,-0.3343968672785971,-0.46408690747505565,-0.31787640006086815,-0.4598907141924922,0.15821566703958762,-0.4741170202096034,0.6476202218985916,-0.026203601228883468,-0.023540738673875235,-0.4794616203711441,-0.3405221242068416,0.8818209918442311,-0.3773226849617328
GENE_75,-0.4742201081615774,-0.42805842909358666,-0.299770816450765,-0.45430663568347274,1.0533007855054752,-0.298556607596864,-0.41572644696349764,-0.48821391586594737,-0.011029391346088761,-0.02824121963029818,-0.4478958473102379,-0.5147365019466632,-0.06464143793784112,-0.3361939183830317,-0.11326337386955498,4.142897556294298,-0.2854275313236879,-0.40877178640715633,-0.4790718773095558,-0.36834273727430744,-0.2081841666313865,-0.2550321232194555,2.7630341437165034,0.0003456616157733394,-0.3210073798807216,-0.43754646202726755,-0.1538094988687193,-0.4598379990804341,-0.19894813052089266,-0.008743804349036715
GENE_76,-0.5463278213263202,-0.6581301314435855,-0.7754715116234618,1.0719721095342927,-0.17557858179050745,-0.1528247989608439,-0.7559283431316876,1.862048293872664,-0.6216192889228768,-0.5711885960017491,-0.720816226675672,-0.7651595870212626,1.1100494870622968,1.5161483499432322,-0.5271374233439502,-0.6673569110516209,-0.5980805665076363,-0.5901000747275996,-0.7327812283089823,-0.5723113370943863,-0.36724074984094407,0.7523858575556706,-0.44637008728178723,-0.7566437298356158,-0.2196250861316306,-0.5602283608637242,1.824829948957959,2.0668199663168383,2.2206908368989344,-0.6440244082560421
GENE_77,2.1571048280003344,-0.39093467673723387,0.9859948435793069,-0.5631111897605744,-0.5393824934567608,-0.41691789245450916,-0.45248925037654913,0.2957796633032372,-0.5299463494198037,0.17870705009241702,-0.2069215797665629,-0.5271118560743768,-0.2533187171074354,-0.5601277367455244,4.154768413707214,-0.6267981495538121,-0.2428720224636627,-0.6194043267951449,-0.5289761846961311,-0.5055033203928876,0.7224319833428966,-0.5795117185171116,0.3726336252276214,-0.6053516313643724,0.4324551796130544,-0.5602398870791815,-0.4721259498229914,-0.5443414682897455,0.3348153688246816,0.0906954451836067
GENE_78,0.30690610924172096,-0.559987138241081,-0.4793136514310525,-0.5422827249318034,-0.6303079812022726,2.60619562176937,-0.34715705741639197,-0.3519202503928351,3.9796205284862514,-0.4069384075928525,-0.5081006475540999,-0.29699681741383577,-0.55744075102942,0.1750678195214916,-0.36709006094774294,-0.417949288891854,-0.44587806735029173,-0.22886962558263987,-0.09118820151589455,-0.42227527609617743,-0.36076214702670556,-0.21308294165653643,-0.2740449259352683,-0.1332167400620328,-0.46937611402589136,1.5664001677781958,-0.07994557180160083,-0.4167689134094288,0.17510290560618974,-0.20839985089550783
GENE_79,-0.8799927529218928,0.20416362669705798,-0.7830537573255553,1.8331259267845743,-0.4570479496550527,1.261925129890976,-0.6661261005339835,-0.1748631396695909,3.249310366827352,-0.4760212383970188,-0.6500306796137518,0.8870050975929942,0.834933688208014,-0.6317628595077317,-0.8958687010736491,-0.6579951004402981,0.9488818345759049,-0.7177430707518276,-0.2611801751311689,-0.6767203354826928,-0.8929874359028875,-0.6834790442159377,0.9370019730920643,-0.9110508813978379,0.06268286259371669,-0.8156486326344721,0.7643043846404842,1.056014784240783,-0.4047893083898115,-0.4029885120987599
GENE_80,-0.6895260718992879,-0.7409121519041122,3.18384935631072,-0.6973362386961343,2.479754567981295,-0.6966242485602478,-0.09940126073199292,-0.7258218363031278,-0.1012375425323459,-0.5916105969104658,-0.5878373351609983,-0.0067486486903024796,-0.6285281223266795,-0.7457188840848917,0.19077925117038247,-0.7265018572732512,-0.10822640668310024,0.5544112004779893,-0.6053554545212613,1.0475278137474118,-0.14244044553641425,-0.6728229802466594,1.7593595828321311,-0.7261475803883471,-0.6056751790403923,-0.5542764523262367,-0.012311066752829052,0.8727805237055766,0.7243586538969259,-0.34776058955335176
GENE_81,-0.6534452306072853,-0.7862331914374471,-0.769492888423696,2.3732478819046587,-0.7864508681315269,-0.7315956258293107,0.4477326123450482,-0.4935806994051825,0.1014616823099869,-0.29449358462826375,1.2319936734165717,-0.45143945268894903,-0.1940920529257385,-0.7250574445984596,-0.2603565615606942,-0.676940172084212,-0.6870807351866065,0.05747653973204269,0.06640490046874133,2.02189058050423,1.7589886750722543,0.08705729324676087,-0.7837469663500302,2.677501013091142,0.08792665073535134,-0.7296364199677908,-0.13150256869634733,-0.7534113878150304,-0.23353339910076992,-0.7695922533894456
GENE_82,-0.48729416604800635,0.16409346176153594,0.6893348448942936,-0.1540203764454245,-0.39883567075303966,-0.5512553412005153,-0.3788498084356446,-0.004690799944507793,-0.40614324915842914,-0.3198329149280773,-0.3723152582688278,-0.40729223428508016,-0.28133415580021587,-0.3955096539582837,1.6188774065529776,-0.5526009880879165,-0.4513912836186863,-0.4939094902253255,-0.2141271415567364,-0.28080056658824837,2.290097771967448,4.109326182806417,-0.4832653374735018,-0.3113121045965779,-0.2258177004759152,-0.48612314069948104,0.08052407342999768,-0.38702502365540514,-0.5112925315789408,-0.39721480362988104
GENE_83,-0.41684876093629697,-0.03310306625117073,1.0381877930219336,-0.31308097548415686,-0.33537518843935843,-0.3289737427038378,0.06520295465831061,0.04927481937077168,-0.3643766672663487,-0.3116410848733432,-0.20946929940155404,-0.4204569759740166,0.08856178646287372,0.712017013662952,0.05243853355878333,-0.422764230154533,-0.43146613208650236,-0.18960104909787648,-0.4086976687751165,-0.30503306054253604,0.4149030217046922,-0.40414230921528876,-0.3876113502182422,-0.3070606934391743,-0.4237480720325767,-0.4086023098356401,-0.34759641704522765,-0.38169148477868053,-0.2240068663035425,4.954761482414704
GENE_84,-0.4875629359448254,-0.7587939537077619,1.7481590836661571,-0.8177366853805589,-0.807764669997401,-0.7196459037322576,-0.6440205158125406,-0.7241171204049838,-0.5513985608729526,-0.37946977144492183,0.6901413147319555,-0.4918149643215426,-0.7131897064498007,0.5699325335949887,-0.7555884948862057,-0.8195494507416764,1.0406431255095248,0.8676598617487125,-0.7520650584872025,-0.6763719691451194,-0.7681252544854952,-0.3416920337040079,3.307754577724381,0.04095219913770571,0.6154262258923063,0.21091230060835103,-0.5371817603709907,0.7236434963889675,0.09885531825145205,1.8320087726357455
GENE_85,-0.4814767449580426,-0.5213757166006473,-0.08129310292255612,-0.37077755006213725,-0.46847701261792357,-0.4632498025710107,3.77278066397569,-0.492685058417209,-0.5023375284218438,-0.42234626077199594,0.019227244763272727,2.3135239342781855,-0.2784557355069821,-0.5143879803462884,1.2633739439084628,-0.43774498143561985,-0.5017243313144378,-0.509789546219089,-0.20153741422534113,-0.3949178633041209,-0.3718824349374174,0.1135896898915711,-0.5002713950762109,0.19504371167764495,-0.4854771246812142,1.8654414946458484,-0.29948399604433,-0.5048126231047942,-0.52378160313431,-0.21469487646715113
GENE_86,-0.43534239610932607,-0.382726768503612,0.17911357867748698,0.5109489519112707,0.918870073599229,-0.5301263622809785,1.446686897711092,-0.4712123402014893,-0.5628652737935277,-0.53034600403486,-0.24132686495304495,-0.5161810025797147,-0.36266737372615243,-0.17619045368093555,-0.38987613055972525,-0.4577058847007107,-0.534513787696342,-0.32531232682589084,-0.5601878300599091,-0.48599141359046166,-0.5118263379921832,-0.4049592316660672,-0.3983466504866059,0.43208873355184646,1.9846775163251156,-0.5264807563516261,4.1514904497761105,-0.497082873825623,-0.26307045472454804,-0.05953768320881544
GENE_87,4.998894806514192,-0.3591822963627178,-0.4112315053347675,0.8746534103507138,-0.38090627949548567,-0.3400658237691996,-0.39468487259956164,-0.3397166443688304,-0.38132178754541646,-0.038538181156363,-0.26423969790268975,-0.37072127482220785,0.19630370526242927,-0.217550676236988,-0.41189838931953177,0.12969959471250384,-0.23782357302331694,0.6948274837152281,-0.25379161666663563,-0.3783473631839828,-0.31863975797089655,0.0419672563350806,-0.3769975052330613,-0.3490324094610675,-0.3212651055317503,-0.39588472115938095,-0.3760448577947685,-0.24116937106494624,0.42041981100775744,-0.19771235789433916
GENE_88,-0.29711047820790487,-0.3656974750809306,0.15252238544422633,-0.19281583275614253,-0.35943134956314954,0.01243484528840805,-0.15047630470350207,-0.3648747684015687,-0.30502831789731627,-0.34551580942967824,5.118464870867936,-0.16052383444225346,-0.2557331145854661,-0.18051172155554546,0.4439653269995334,-0.30253329401127227,-0.3523885346163827,-0.019566262548087535,-0.31455429273354946,-0.3748764847157122,-0.3802803579338489,0.6561706831900372,-0.2668796273094823,-0.3523660569715209,-0.32151354892308487,-0.03981387394732284,-0.32784687208617425,-0.384134316095627,-0.22314735203011327,0.25406176875549463
GENE_89,0.638147614276776,-0.562082234826545,0.9130001818130936,-0.340267315308779,0.848096700693426,-0.10814214612315944,-0.639632447591064,2.563621387714047,-0.40970289768323354,-0.10554754615743943,-0.632317156433781,-0.16227673509965218,0.5650335445201533,3.618715772556476,1.25599058002422,-0.12412360798151081,-0.6404377421855457,-0.37712125425221527,-0.5670112496233394,-0.3294052033639608,-0.6257106077007796,-0.4922008486804558,-0.5554567647872573,-0.5603678987862379,-0.5588186588616215,-0.4719892633404604,-0.30271826784856376,-0.6580667348962878,-0.6569541347305419,-0.522255065335759
GENE_90,-0.3641226947656156,-0.24189996820453363,-0.4493252308370046,-0.3074736595129985,-0.26677580529757694,-0.45004632514763265,0.4364469012463806,-0.24690317313476276,-0.044669180108442404,-0.28772154781795517,4.3855945479642955,-0.008120091462815504,-0.4189641557238086,0.1967064036824896,-0.5015781065998112,-0.2693866351424388,-0.18210444967832523,-0.26506506808468033,-0.39279781905739347,-0.4737095705512368,-0.4555261361955392,-0.275875992651129,-0.4801616243592035,2.454821436304696,-0.515522040862703,-0.3908171305468611,-0.27281844604863303,-0.07201271979607747,-0.46658944830861543,0.6264177306979324
GENE_91,-0.35054606657577153,-0.3189662053694682,-0.09993837760920718,0.13084467950419856,-0.35074034095030526,5.124291828579586,-0.3363612561904776,-0.3488741799235594,-0.14268446567904872,-0.3018027854971857,-0.3140436751931159,-0.10967382575943276,-0.35287421821042514,-0.35529737023202695,-0.3210028277594958,0.15960866940319055,-0.3181545784837737,0.7796528624231706,0.26568133980704645,-0.20466119847555142,-0.19055151075632684,-0.20488567806849514,-0.23144707734188186,-0.3034384265531364,-0.2920407635797861,-0.3425197186059882,-0.35960613281948395,0.18054587373362863,-0.23193286670864588,-0.25858170710823214
GENE_92,-0.3032759246039907,-0.44153660679660756,-0.44749096384275927,-0.4085555528930953,0.2361792853620198,-0.45196998739137445,-0.46587492908196876,-0.42627439859007427,0.03427372047583954,-0.4609091221758326,-0.4522388268394454,-0.33338499653601045,3.801745595370978,-0.4558446380012244,-0.4565097982717674,-0.31736570536332764,0.08316929397647622,-0.43217896086282453,-0.45968935936356153,-0.29433871000158185,-0.2402516825340301,0.8352647850861914,-0.22542744188270245,-0.15455120500832134,-0.4066156565395921,3.053786897446457,-0.41787527184378864,-0.4315254615103692,0.8969931517250519,-0.4577275295087638
GENE_93,-0.5294082402767473,-0.2852405445668216,-0.3280997792153271,-0.3898897412859323,0.41348655534287837,-0.4877435188771831,-0.3057819010996972,-0.4174137570110998,-0.48632031411914717,-0.34661678289197057,0.23078465523391006,4.639942576044652,-0.029319177382591672,-0.5379045102540707,-0.33951385789513366,-0.3108360492104374,0.33416600514427736,-0.25874659089339586,0.8678780801785514,-0.15537015405401874,1.6886620582038592,-0.4313749983810591,-0.2754809787098093,0.20124329355463633,-0.45160448264627295,-0.4770468611748342,-0.4591046900207869,-0.4728918631327971,-0.07130337566545247,-0.5291510549381802
GENE_94,-0.6501463006991981,3.1596332820460584,-0.5938605025222328,-0.3564121992672343,-0.6477510210038265,-0.40288763715253323,-0.593135481714981,-0.6503876297209178,1.0686888580418878,0.7087396864851478,-0.47330413922346226,0.3768571929878682,3.3999572218058556,0.053655059071436945,-0.1914779338229776,-0.35691740267662764,-0.05182332298011228,-0.5370529606547583,-0.5180551887416869,-0.2118230242690871,-0.5577014400471227,-0.5374354684181096,-0.43837062658502607,0.6440717132285052,-0.6299958682445663,0.05923707406079127,0.09594727833087209,0.08907683489836767,-0.6029674952398925,-0.6543585579724377
GENE_95,0.12459560934197793,-0.24827070265635637,0.9512482445852614,-0.6153927110293107,0.43027676012639504,1.0836140614874896,-0.4207165387627552,-0.04343317690765069,-0.07938173975157602,-0.6372298249251849,0.08798905125976225,3.5451507855724236,-0.357817531782892,-0.7049495093743398,-0.6127382465993442,-0.7209300883432044,1.8605959455502574,0.43733855418668627,-0.5695624844040161,-0.7021554360419607,-0.6391601778429813,-0.6025074918568959,-0.30342761996671874,-0.3252612936028816,2.0686288222912808,-0.6138471957908264,-0.7078289949200307,-0.6806469690724797,-0.38334667728112354,-0.6208334234890034
GENE_96,-0.43785589991897983,-0.46524006069673657,0.30386739371529725,-0.48323392372645024,-0.4531050332335839,0.012026537552681602,-0.480500172009436,-0.19370532491481257,-0.2414045658847151,-0.3214938600720412,-0.5289037917397029,0.67940972869418,4.935762792634466,-0.3654753154275309,-0.5238392831096081,-0.35932108544099844,0.30337460438934927,-0.48661382547924265,-0.40267446121007455,-0.23692640456579545,0.630517429187174,0.06458832899752509,0.10495539300295548,-0.46100707180857764,-0.20537011205586492,-0.4981815733169775,0.13437305711362138,0.5411127840008974,-0.11370730316919574,-0.4514289815078224
GENE_97,-0.4469811606440945,1.7677501038365615,-0.4695734332613374,0.1875636229403194,-0.303482571461159,-0.467267886143098,-0.5405399190134379,-0.3482713455082345,-0.38347412361239663,1.7678145951176432,-0.5185101346917887,4.283027940036666,-0.28758177628107373,-0.28798418126913794,-0.49748908329357416,-0.31266315111907694,-0.24604122958848798,0.07114310685204137,-0.5254362269182435,0.7174791064336423,-0.2946278708454666,-0.1752059608003778,-0.4498918997781332,-0.522643306397745,-0.3883051150670034,-0.3558930109752692,-0.5417636000080099,-0.051723649979927726,0.1298575973126675,-0.5092854358724711
GENE_98,-0.5577839409025703,-0.4579708199340367,-0.3623049350162208,-0.4489131834491139,-0.39179341645933063,-0.27714866457213416,-0.5785683993757418,-0.5728114364625395,-0.6051411435034137,0.3700621974958884,-0.36549372020660675,0.5376237322376731,-0.5659330077183877,-0.3621151921937759,-0.2804445433098871,-0.506613242650367,-0.5859855735678032,2.658219260952007,1.3335957634751614,-0.47485940954367944,-0.0971788835517218,-0.49406012004142646,-0.5556461612562593,3.082489062371942,-0.5892707359331808,-0.45395956586609437,-0.3388843422406767,2.225824175915427,0.304834132786703,-0.5897678874798299
GENE_99,-0.4011241288541453,-0.39133884080879955,-0.4783806254060982,0.01445730998363987,-0.6375961285472496,-0.5238434071872633,-0.11605866153264602,0.07867574753803873,-0.332121916403003,-0.4949077409205116,-0.4445061127120937,0.15022678604119502,-0.3859149283169361,-0.6136109534375155,-0.6277589566107293,-0.6413103009053847,1.7283407335275258,0.23704378311302454,-0.4399045472754264,-0.53343105907979,-0.5559908300723433,0.7226241902909161,4.032549557485041,-0.5612574063590773,0.8202869686189591,-0.38841495879471555,-0.47374704880659657,1.9098578982967374,-0.4041009564167188,-0.24874346644803333
GENE_100,0.3718312150053934,-0.7473820848782771,0.4457295792382327,-0.46619353305676414,-0.7216721366766249,-0.4412412891856613,-0.44588848434297834,3.0271613187132913,-0.6526303104520245,-0.5680723967997161,0.3490348723689374,-0.7067026091182386,-0.5136559710301565,-0.751440200744396,2.4427637568598337,-0.2968626698158616,-0.017799407119603938,2.423246108775824,-0.5413004803121174,-0.30511771813738575,-0.6507575547118526,-0.651305795305458,-0.6127591370752186,-0.42701344621214643,-0.35828615634553096,0.4461489170934114,-0.6034705305694866,0.5063695318901118,0.8795032374663142,-0.41223662552184825
