SNP,Gene,Correlation,Abs_Correlation
rs1043,GENE_76,-0.5390027018591371,0.5390027018591371
rs1026,GENE_26,0.5375983664042181,0.5375983664042181
rs1033,GENE_53,-0.5363490691349826,0.5363490691349826
rs1012,GENE_84,-0.5292995467024398,0.5292995467024398
rs1038,GENE_73,0.515141731488493,0.515141731488493
rs1019,GENE_31,0.5100280786542449,0.5100280786542449
rs1001,GENE_24,0.5039105218022107,0.5039105218022107
rs1049,GENE_80,0.5031573394575548,0.5031573394575548
rs1013,GENE_6,0.5026893294489665,0.5026893294489665
