,SNP_00,SNP_01,SNP_02,SNP_03,SNP_04,SNP_05,SNP_06,SNP_07,SNP_08,SNP_09,SNP_10,SNP_11,SNP_12,SNP_13,SNP_14,SNP_15,SNP_16,SNP_17,SNP_18,SNP_19,SNP_20,SNP_21,SNP_22,SNP_23,SNP_24,GENE_00,GENE_01,GENE_02,GENE_03,GENE_04,GENE_05,GENE_06,GENE_07,GENE_08,GENE_09,GENE_10,GENE_11,GENE_12,GENE_13,GENE_14,GENE_15,GENE_16,GENE_17,GENE_18,GENE_19,GENE_20,GENE_21,GENE_22,GENE_23,GENE_24,GENE_25,GENE_26,GENE_27,GENE_28,GENE_29,GENE_30,GENE_31,GENE_32,GENE_33,GENE_34,GENE_35,GENE_36,GENE_37,GENE_38,GENE_39
SAMPLE_001,0.5817722297936978,-1.0543384216153027,-0.8648047895008804,0.46825298783194913,0.23156046588650292,0.5546339026927258,2.213766858028889,0.44255331250940655,0.5309958373619679,-1.0104406579531535,-1.0266532585635906,0.26502470684465473,0.32329423323603085,-1.165189787849943,-0.9428633993924567,0.3902845484000473,-1.133382322893831,-0.9169905199418004,0.7054348492849604,0.575699485725355,0.2924162211246352,0.3961321370196483,0.43698274322562763,0.2823645334133338,0.4467930842687429,0.8981840482184887,0.22942467700077726,0.001084760026147207,-0.01843470810360136,-1.1049037057364761,1.1158947682986873,1.2224131993019727,-0.7281100483744565,0.8248367004507294,0.3033301477462336,1.0271461194022493,-1.4950529175042857,1.5644608236696114,2.437828854484162,0.40333446076287094,0.7493959972688129,-1.7200935650388955,-0.9347654450043654,0.9185339496417047,0.37077406134457735,0.04392671743668286,0.4276920697216557,0.8387856228133465,-0.32863924267188444,-0.0027644216260699706,-0.2154972468146073,-0.8559927824450875,0.2785350750746813,1.7456150802853385,1.8691077191359446,-1.5647767461983078,0.47530075942066075,0.8050342139795744,-0.5954519855085568,-1.162336275422364,-1.4200761713683068,-0.4129667433603769,0.41329578246118576,-0.1572816528234607,-0.6037054084208856
SAMPLE_002,-0.7607790697302201,-1.0543384216153027,-0.8648047895008804,-1.0104406579531535,0.23156046588650292,-0.8922371478100373,0.6692783524273385,0.44255331250940655,0.5309958373619679,0.46825298783194913,-1.0266532585635906,0.26502470684465473,1.708840947104735,1.6883362232111419,0.6734738567088976,0.3902845484000473,-1.133382322893831,-0.9169905199418004,-0.9876087889989447,0.575699485725355,-1.1696648844985411,0.3961321370196483,1.8169282481486624,0.2823645334133338,0.4467930842687429,-1.0794286346652633,-0.27446674427156065,-0.45921242774501275,-0.3053923094207088,-2.293750117507545,-0.07689680033171155,0.20174917915918847,0.2204082148288482,0.1524773639107374,-0.8905386231493257,1.2330298067739842,-0.5233918471515203,-0.8354630219420537,0.4163498716730942,2.0108911408764905,-0.45715881989906626,0.6699355450416798,1.1900159650842315,0.18064264760218227,-0.2663260513948575,-0.5692835387106859,-1.4180600627456066,1.5929653319680892,0.1842105237205734,1.3383077102593368,0.844544497303942,-0.4568770664550022,-1.137377502351074,0.20754422219473645,-0.45382455533856286,0.49699443478649324,-0.7489365149849299,-0.9185944635266616,-0.31503847308967997,0.9757885139868869,0.2818525672918255,1.1017482674417105,-1.1423830039525087,-1.0944337703355997,-0.10682768333198683
SAMPLE_003,-0.7607790697302201,0.6553995593824854,0.5765365263339203,0.46825298783194913,-1.0314966207671492,-0.8922371478100373,-0.8752101531742118,0.44255331250940655,0.5309958373619679,0.46825298783194913,0.5528132930727025,0.26502470684465473,0.32329423323603085,0.2615732176805995,0.6734738567088976,-1.4110287519078633,0.3134887276089319,-0.9169905199418004,-0.9876087889989447,0.575699485725355,-1.1696648844985411,1.7942455617948772,0.43698274322562763,0.2823645334133338,-1.0425171966270665,-0.44391295676505454,0.08849618084836683,-0.46940720096963706,0.9835148563399451,-0.7174457760443653,-0.27407353044492616,0.5959427926299744,-0.44252079652457316,0.4322281847549759,-0.06801646058135825,-1.7557230700865107,-0.7913304619372987,-0.8000534458402803,-1.0369672162403092,-0.9092400042566876,0.376561314526681,1.016850570297044,0.7425009273061804,-1.174722721638946,-0.10244553649930863,0.6031255281441101,0.4356333407322049,1.8349682789139605,-0.7421605291988288,0.1796881484874572,-0.5845389709327778,0.33899677380021553,-1.0361487780200114,-1.276000869719555,-0.5497139170897452,-0.5492610584177856,1.394376523664878,1.3657308230894376,-0.3895937521306043,0.11845818296504897,-1.7062367618164183,-0.16527535033924576,0.22625485069245363,1.2017608003686726,0.2892964396547722
SAMPLE_004,0.5817722297936978,0.6553995593824854,-0.8648047895008804,-1.0104406579531535,0.23156046588650292,-0.8922371478100373,0.6692783524273385,0.44255331250940655,-1.145833122728457,1.9469466336170518,0.5528132930727025,-1.0600988273786194,-1.0622524806326732,-1.165189787849943,-0.9428633993924567,0.3902845484000473,1.7603597781116949,-0.9169905199418004,0.7054348492849604,0.575699485725355,0.2924162211246352,-1.001981287755581,-0.9429627616974071,-1.1294581336533354,-1.0425171966270665,1.0883418637871058,-0.15209155897488139,0.16048524455076346,-0.6657638476900927,-0.6904610634498545,0.09079302685032348,-1.076198162352299,2.1908774389392778,-0.5499409050631339,-0.4804017274765309,-1.024909431972218,-1.5148332322087599,-0.37939862644902955,0.3776309724133227,0.0011173847331145998,0.9782340309872803,0.2283129259818603,-0.1647584444527734,1.1902111415980647,1.1478807581816155,0.11746628053981203,-1.0594347227728609,-0.9250980331105947,-0.1862207681665319,-0.33550020999306823,1.5360900951721193,-1.4316463406873716,-0.08503453829281146,-1.4278143512329398,0.28232105527688883,0.5031980247646585,-0.4421162241749258,0.6423739755898785,-0.375004229684531,-0.27838262724949736,-0.47577345017031547,0.6094190325763097,0.2055134770192028,1.6474515800674059,1.1875190945871443
SAMPLE_005,0.5817722297936978,0.6553995593824854,-0.8648047895008804,-1.0104406579531535,-1.0314966207671492,0.5546339026927258,0.6692783524273385,0.44255331250940655,0.5309958373619679,-1.0104406579531535,-1.0266532585635906,-1.0600988273786194,-1.0622524806326732,0.2615732176805995,-0.9428633993924567,0.3902845484000473,0.3134887276089319,0.33345109816065477,-0.9876087889989447,2.1457889922490505,1.7544973267478117,-1.001981287755581,-0.9429627616974071,0.2823645334133338,1.9361033651645525,0.7791348581285189,-0.2585029176912718,-0.45203616849194556,-0.8335899653901591,-1.2848171980290937,1.2393859488567673,-0.8778407797118352,1.1167337126451269,-0.4490565982606146,0.5396928045011494,-0.8994223105268394,-1.6127454562313361,0.2154936466735003,-1.8716750072968809,-0.514586309173648,0.4122108093259012,2.0344916134441364,0.17221103013069033,1.1150424033472723,0.2672454426899025,0.4769166800416173,-0.06633116189542852,-0.27148044079374917,1.2589340153361999,0.39472790110562817,0.16975724252071478,-0.44881306898516177,-0.34823906209563443,2.037439913078499,0.10125502782015616,1.5533974819228507,-0.550599398119193,0.946403854960113,0.13316012173084227,-0.5310395445321296,0.639548989551155,-1.4383501302835364,0.6339518905233021,0.8277616093600166,0.2381282382888193
SAMPLE_006,1.9243235293176155,-1.0543384216153027,0.5765365263339203,0.46825298783194913,-1.0314966207671492,0.5546339026927258,-0.8752101531742118,0.44255331250940655,0.5309958373619679,1.9469466336170518,-1.0266532585635906,0.26502470684465473,-1.0622524806326732,0.2615732176805995,0.6734738567088976,-1.4110287519078633,-1.133382322893831,1.5838927162631098,0.7054348492849604,0.575699485725355,0.2924162211246352,0.3961321370196483,-0.9429627616974071,0.2823645334133338,0.4467930842687429,0.39470748733863287,-2.1511343270687178,-1.1906815874440457,1.4663087233541272,0.1602877599002394,-0.12740607562966053,0.29212522617093295,-0.13960528838388475,-0.5128176059808321,0.9879940728351848,-0.9039173856473268,-0.4318785236155825,0.04567605925469026,-0.9845073767340791,-1.35206075058155,-0.9371067689767164,-0.3376594366203942,0.26163129075837954,-0.07961098947614033,-1.0837561912782026,0.40580815000838916,0.527752371365153,-0.36089203440229206,-0.8729678869439874,-0.7587932463801088,-0.7278257430879537,2.1389406739173955,-0.8582088739529425,0.04535654268879978,-0.5339868716017991,-0.4850786196368408,-0.7254111642101018,0.9460205007574283,0.2260823102482098,-0.22200745881609144,0.4872475452575815,0.6958752897132503,-0.7662795753666687,0.5779456750850397,-0.7053138140434373
SAMPLE_007,-0.7607790697302201,0.6553995593824854,-0.8648047895008804,-1.0104406579531535,0.23156046588650292,-0.8922371478100373,0.6692783524273385,2.004506180189665,0.5309958373619679,0.46825298783194913,0.5528132930727025,0.26502470684465473,0.32329423323603085,-1.165189787849943,0.6734738567088976,0.3902845484000473,-1.133382322893831,1.5838927162631098,0.7054348492849604,0.575699485725355,0.2924162211246352,-1.001981287755581,0.43698274322562763,0.2823645334133338,1.9361033651645525,-0.4445252354343006,-0.3194745132530999,0.6749888384907102,-0.35470580568140325,-0.7806243974741682,1.7527529985857724,-0.5758009282241016,0.19088948449183113,0.8351276791983996,-0.49797826051672184,0.12683775769770758,-0.8776037904654929,-1.2841176685244542,0.35802086146855494,0.11266471804318498,-0.6904020179799328,-0.46334995039402344,2.15357871725561,-0.3430144010179634,-0.19704052447073306,0.7796498450095046,0.26554891318552537,1.4379785903550708,0.28859914545626403,0.7752759387975454,0.28042536811667407,0.7004482549350903,-0.06478236329402082,-0.0027139820855740762,-0.09870314938197486,0.7500921576616965,-1.3271950911070738,0.861824736289771,0.870016190533299,0.7591503086573679,-0.14760277425635956,0.47354452528193725,-0.6934489899709184,0.8800898620791403,-1.068693495038179
SAMPLE_008,-0.7607790697302201,-1.0543384216153027,-0.8648047895008804,-1.0104406579531535,0.23156046588650292,0.5546339026927258,-0.8752101531742118,-1.119399555170852,0.5309958373619679,0.46825298783194913,0.5528132930727025,-1.0600988273786194,0.32329423323603085,1.6883362232111419,0.6734738567088976,-1.4110287519078633,0.3134887276089319,-0.9169905199418004,0.7054348492849604,-0.9943900207983404,0.2924162211246352,-1.001981287755581,0.43698274322562763,0.2823645334133338,-1.0425171966270665,-0.7355432516877328,0.32360750254678994,-0.7039668966698159,0.8346166587133621,-0.7729468126286116,0.5766312185753147,-0.921608689133975,0.7679513219293673,0.46300054065425694,1.7483620417105776,1.634594110375436,-0.7679421340860091,0.5789083153216087,-1.0760925610901748,-0.2537531323377039,0.6672705402184698,0.5182720221184602,1.954157345599584,-0.5014753341877873,1.3028114437263165,-0.02037943941621406,-0.6117670837925877,-1.8175446590286202,0.1644274183333289,-0.4876488196428702,0.698335419544053,-0.3756712357713867,-0.47156214401593544,0.1433921864776418,1.8585501684172179,-1.133361518938776,0.8956561112194552,1.0277899931428194,-0.3982253843617171,0.6844229767962676,-0.33603828351959836,2.2151107361816824,-0.04066941966661032,0.09130575263901373,-0.332166961687871
SAMPLE_009,0.5817722297936978,-1.0543384216153027,0.5765365263339203,1.9469466336170518,0.23156046588650292,0.5546339026927258,-0.8752101531742118,0.44255331250940655,0.5309958373619679,-1.0104406579531535,0.5528132930727025,0.26502470684465473,0.32329423323603085,0.2615732176805995,-0.9428633993924567,0.3902845484000473,-1.133382322893831,-0.9169905199418004,0.7054348492849604,-0.9943900207983404,-1.1696648844985411,1.7942455617948772,-0.9429627616974071,1.694187200480003,1.9361033651645525,0.32466977841533795,-1.1448807112174224,0.7723528360385535,1.2354158820948893,0.3108966533668387,-0.6340618160235395,1.0646742271116691,0.46453294202324613,0.5198984508891568,-1.2216046032439494,1.430954407516796,-0.09076151028415327,1.1570111048535998,0.723115378793468,0.468400526668884,-0.05458524180508953,0.2138492025271726,-0.4378481513039232,1.7034766896448357,-0.7186213945285338,1.2055524898560093,1.8935944009990284,-0.196482415812846,1.2497046224910138,0.1675373967419423,-0.11348010190959024,0.0404325619967475,-1.5374978774432546,0.3571080804681026,1.585763871966207,-0.7061964269033657,0.7355250202669711,-0.04819372475980959,-1.3052041482310581,1.0476367642329456,1.7245658171534952,-0.7391779165709259,0.2814521895956334,-1.4933233368573717,-0.061920957104109005
SAMPLE_010,-0.7607790697302201,0.6553995593824854,0.5765365263339203,-1.0104406579531535,-1.0314966207671492,-0.8922371478100373,-0.8752101531742118,-1.119399555170852,0.5309958373619679,1.9469466336170518,-1.0266532585635906,-1.0600988273786194,1.708840947104735,0.2615732176805995,0.6734738567088976,-1.4110287519078633,0.3134887276089319,1.5838927162631098,-0.9876087889989447,-0.9943900207983404,0.2924162211246352,1.7942455617948772,-0.9429627616974071,0.2823645334133338,0.4467930842687429,-1.4415993979644193,0.273662323654552,0.44990910171274506,0.010417376038815903,0.21020269794781618,-0.5313824159128809,-1.039184871334976,1.2917107073105025,-0.8146025807000383,0.5112944592518889,-0.7880174099097107,-0.9547150873900337,-0.3536192696731025,-1.381218997766921,0.22004608756100996,0.14295066436585882,-0.47776104208828635,-0.9723760244099896,-1.4970397611058675,0.5659595416380315,0.40585986865509954,0.6853349677796973,-0.1756564118714406,-0.24731488577337116,1.4458480121667028,-0.79893328096829,-0.17785311285132957,0.6725183979303473,0.08617385801648159,-1.8430980466826852,-1.800080517060523,-0.682804773946707,1.0683863790315429,0.530472910798427,0.5088351293324889,0.6177761526500816,-0.9022070765415577,0.6599121092798419,-0.9528804558964145,0.8801894531846871
SAMPLE_011,-0.7607790697302201,0.6553995593824854,0.5765365263339203,-1.0104406579531535,-1.0314966207671492,2.001504953195489,0.6692783524273385,0.44255331250940655,-1.145833122728457,-1.0104406579531535,0.5528132930727025,-1.0600988273786194,1.708840947104735,-1.165189787849943,-0.9428633993924567,-1.4110287519078633,-1.133382322893831,-0.9169905199418004,-0.9876087889989447,0.575699485725355,-1.1696648844985411,-1.001981287755581,-0.9429627616974071,-1.1294581336533354,0.4467930842687429,0.9019417472209507,-0.2984305133702456,0.5549904473156343,-1.5469246180644949,1.5098556267982468,1.7521858481961143,-0.9132039067937168,0.2960586017880859,-0.28253521751493377,1.082127314435908,-0.5807584830123801,-0.7464049677503319,1.118746532994526,1.5486918519742239,0.07777388657105722,1.5645152323669644,-0.441251510155765,-0.09866506750951196,-0.014899207076049227,-1.1606507362401153,0.6447695801330025,0.958486048147543,-0.009833917484734016,-1.841761955310259,0.3878648475161234,-1.7444089256264124,-0.6350217995499428,0.0983933958800426,-1.0998747972417344,0.416791351085971,-0.17379956229080373,-1.594708057290526,0.23577504763391607,0.4419400778236855,1.0639802149229753,-0.4221009984556111,-0.055332109429610817,-1.3993232411107666,2.0557137307702993,1.4112922330653987
SAMPLE_012,-0.7607790697302201,0.6553995593824854,-0.8648047895008804,0.46825298783194913,-1.0314966207671492,2.001504953195489,-0.8752101531742118,-1.119399555170852,0.5309958373619679,-1.0104406579531535,0.5528132930727025,1.5901482410679288,0.32329423323603085,0.2615732176805995,2.2898111128102516,0.3902845484000473,0.3134887276089319,-0.9169905199418004,2.398478487568865,-0.9943900207983404,1.7544973267478117,0.3961321370196483,0.43698274322562763,-1.1294581336533354,0.4467930842687429,0.2506698179420897,0.7016711545695581,0.23962997559846902,-0.5460465743405613,-1.0082375830417918,1.039846949397289,1.0754873835889003,-0.575188918907086,-1.2337602120745197,1.5059968691763206,1.0745793858038764,1.6494150350893975,0.1708886183391007,-0.5050351981242771,-1.2609604597989041,-0.9862366793512352,0.3511841647707204,-0.5077882198065475,1.50652274233446,1.1680307519842494,-0.3270369028086524,-1.1847930907205748,-0.4774441022487736,1.1410185427247967,-0.490225892480244,0.386568405499252,-0.4100344624061616,0.2968793881260505,0.33523322445052195,1.1360861162686944,1.6725273118115245,1.1708413995348654,-0.5472773904881496,-0.321310045685049,-1.3981066733747398,-0.28522042525983643,0.0247402722901312,-0.3273933366006511,-0.5174640326055673,0.9609258462267718
SAMPLE_013,-0.7607790697302201,0.6553995593824854,-0.8648047895008804,-1.0104406579531535,-1.0314966207671492,0.5546339026927258,-0.8752101531742118,0.44255331250940655,0.5309958373619679,-1.0104406579531535,0.5528132930727025,0.26502470684465473,-1.0622524806326732,-1.165189787849943,0.6734738567088976,2.191597848707958,0.3134887276089319,1.5838927162631098,0.7054348492849604,0.575699485725355,-1.1696648844985411,0.3961321370196483,1.8169282481486624,-1.1294581336533354,-1.0425171966270665,-1.0517074874173449,-0.7301755038332904,0.8165842337033618,0.48566126641040375,0.05398495354888131,0.5618903803185255,-1.5952360043883305,1.0892781671973448,-0.31734952981863634,1.1829931513114131,0.7930841620507868,-2.418604429500286,-0.21118946696274368,0.6969739454261078,0.9503281054346758,-0.811427937100629,-0.8630599465564562,0.14908717081177433,0.004797197247869329,0.07587765295485897,-3.1504800040594603,-1.0862873867971214,-0.870051039026716,0.6840780578110973,-1.393143284287684,-1.2601201713439956,-0.03275127024657228,-1.231780787209382,0.46208131401697455,-0.21695682230972865,2.1172008716983366,-0.6535455669568045,-0.5989972684707279,0.6686044305394375,-0.8144525689790977,1.5421021771646883,0.4527200555744723,-0.2290760892620081,-0.16013768750112609,2.6927934938001177
SAMPLE_014,-0.7607790697302201,-1.0543384216153027,0.5765365263339203,-1.0104406579531535,1.494617552540155,0.5546339026927258,2.213766858028889,0.44255331250940655,0.5309958373619679,-1.0104406579531535,-1.0266532585635906,-1.0600988273786194,0.32329423323603085,-1.165189787849943,-0.9428633993924567,2.191597848707958,1.7603597781116949,-0.9169905199418004,0.7054348492849604,-0.9943900207983404,-1.1696648844985411,-1.001981287755581,-0.9429627616974071,1.694187200480003,0.4467930842687429,-0.6173940241223084,0.20898257319608862,0.3796700789052341,0.3464195176892524,0.4895663908288859,0.1832679661385019,-2.330863706859825,1.360086060968921,2.275191366982643,-0.4222684120137971,0.4570879894697617,1.0831215679236337,-1.6685685866270021,-0.8641171672580882,1.4882045933504482,-0.7825537386894974,-0.28754847526720634,-1.050362201288818,-1.0882581200121402,-0.46837945336953196,-0.3793189635517109,1.2343432618474108,0.4751097338467166,1.0907138921243977,-1.340433685080192,1.0891030034617566,0.12846911831246027,1.6993899827473016,-0.30714417684651846,-1.29959610332202,1.5067262037944675,-0.18969632010718815,-2.366484543707757,-0.017285497631269315,0.18411776344622352,1.086691574617487,-3.345930253264547,1.1980854810281139,-0.4872466600777806,1.8124361818137584
SAMPLE_015,0.5817722297936978,2.3651375403802732,0.5765365263339203,-1.0104406579531535,-1.0314966207671492,-0.8922371478100373,-0.8752101531742118,-1.119399555170852,0.5309958373619679,-1.0104406579531535,0.5528132930727025,-1.0600988273786194,0.32329423323603085,-1.165189787849943,-0.9428633993924567,0.3902845484000473,0.3134887276089319,-0.9169905199418004,0.7054348492849604,0.575699485725355,1.7544973267478117,0.3961321370196483,-0.9429627616974071,0.2823645334133338,0.4467930842687429,1.5514693913182704,-0.3743077202327215,1.4654395848142485,-1.4995938637278596,1.0313701167903937,-0.7598961493880897,-2.0246834592467158,-0.23851619237515675,-1.3824173191807851,0.25305785648750784,0.8557830366988173,-1.759266086102679,-0.18136008602978335,-0.3372510713911588,-0.13340873284933158,0.9122106745014213,-0.35778387921132404,-0.6883405630149062,-0.34823719458344415,0.9952258866566736,-0.859855149169526,-0.9677289157094715,-2.233772474067977,2.181604266882076,-1.1163948246718407,-2.1274036315049734,-0.6328482106758297,-0.5989102584733615,1.371712096932986,-0.28916126831542016,0.40251145320826986,-1.7454434403869132,0.2806532985629208,-1.883788703258766,-0.4295363131666097,-0.833427257475324,0.056427682089839844,0.6926861110173264,-1.385079070886436,-1.1041218102636219
SAMPLE_016,-0.7607790697302201,0.6553995593824854,0.5765365263339203,0.46825298783194913,-1.0314966207671492,-0.8922371478100373,2.213766858028889,0.44255331250940655,0.5309958373619679,0.46825298783194913,-1.0266532585635906,0.26502470684465473,0.32329423323603085,0.2615732176805995,-0.9428633993924567,-1.4110287519078633,-1.133382322893831,1.5838927162631098,0.7054348492849604,-0.9943900207983404,-1.1696648844985411,-1.001981287755581,-0.9429627616974071,-1.1294581336533354,0.4467930842687429,-1.6258984763441875,0.6053887180120782,1.360305304651091,-0.3916457916772994,0.7446153364067379,-0.2698751666856394,0.3445804074987812,-0.020381575667116698,-0.45980253519467845,1.1592830788636084,-0.817724887101621,0.3123109840274208,-0.0929103774730644,-0.002997960913859337,-0.5579591170373892,-2.3582925287145065,-1.176928901391613,-0.7654734955155966,-0.11906453427705116,-1.085604024159993,0.36841261557345223,-0.25596085798572155,-0.7406623527994634,-1.3857930071693922,0.4654546003432253,0.26069029164342866,0.842485135771861,0.49009836797545064,0.4413814052854506,0.5429376766798502,-1.8785453005352801,-0.3238306008963099,-1.5592167997945434,1.2562061107436397,-0.09210701616298128,1.2892084936033181,-0.9594867782788487,-0.020799593597933666,0.28202642071329825,-0.33703369358059926
SAMPLE_017,0.5817722297936978,-1.0543384216153027,2.017877842168721,-1.0104406579531535,1.494617552540155,-0.8922371478100373,0.6692783524273385,0.44255331250940655,0.5309958373619679,-1.0104406579531535,-1.0266532585635906,-1.0600988273786194,1.708840947104735,0.2615732176805995,-0.9428633993924567,0.3902845484000473,-1.133382322893831,-0.9169905199418004,-0.9876087889989447,0.575699485725355,0.2924162211246352,-1.001981287755581,1.8169282481486624,0.2823645334133338,-1.0425171966270665,1.7561899216013745,1.2904242356529319,-0.894715374174805,-1.2660381065405895,2.252269199843429,-0.7591369025649847,-0.7123235683273876,1.177363192826508,1.327784270098424,-0.10142608157477771,-1.2118671439566986,0.43472774131101644,0.5640555641510352,-0.9620840428942551,-0.5300487742462952,0.17517759606499878,1.256815628550006,-0.21474215378400843,-0.5813324312630652,-0.1417747173611831,1.227817677756341,-0.5456574482095119,-0.16792039544077875,-0.6955619006567086,-0.1754724431460317,0.04299391739310873,1.0567155418725511,-2.0163589478681967,0.3654733864353643,-0.7083562300025245,0.7377427017913537,1.1044526627193305,1.1640554943017816,-0.0040054799006497875,0.8636035266989309,-1.0253498093724296,-0.06125480233121685,1.5621595511274229,-0.8152521288682173,0.16594054134093394
SAMPLE_018,1.9243235293176155,2.3651375403802732,-0.8648047895008804,0.46825298783194913,-1.0314966207671492,-0.8922371478100373,-0.8752101531742118,-1.119399555170852,-1.145833122728457,-1.0104406579531535,-1.0266532585635906,1.5901482410679288,-1.0622524806326732,0.2615732176805995,0.6734738567088976,0.3902845484000473,-1.133382322893831,0.33345109816065477,-0.9876087889989447,-0.9943900207983404,1.7544973267478117,0.3961321370196483,-0.9429627616974071,0.2823645334133338,-1.0425171966270665,1.9623696711578602,-1.7606370332536243,2.120552381999325,-1.1334453654137486,1.0938591923215242,-1.6721575250959202,1.0363059514035386,0.6382115529390759,-1.540941626480122,1.0870018016636387,-0.24798587638347236,-1.2979289560596048,-0.7388714398347407,0.380151930397063,-0.2082053122772019,0.13704639512676522,-0.5173079728691944,1.7357465325517678,1.5937664218944354,-0.9336250323356636,1.0061961177466632,0.5069434323888307,0.22342343640236237,-0.9416019632128522,1.6226537556690848,1.0268644416301957,-1.2271559139167196,1.2720733682858902,-0.29122306017125466,-0.41971810812047927,-1.0086685711525583,0.8271997922435446,0.4959060012378899,-1.0778277888528207,-0.9898916695484606,-0.4440163046659619,-0.47624223140491806,0.5879358046851216,0.4022824368295012,-0.6272430763352036
SAMPLE_019,-0.7607790697302201,0.6553995593824854,-0.8648047895008804,0.46825298783194913,1.494617552540155,-0.8922371478100373,-0.8752101531742118,-1.119399555170852,0.5309958373619679,1.9469466336170518,0.5528132930727025,-1.0600988273786194,0.32329423323603085,0.2615732176805995,0.6734738567088976,-1.4110287519078633,0.3134887276089319,-0.9169905199418004,-0.9876087889989447,0.575699485725355,-1.1696648844985411,0.3961321370196483,-0.9429627616974071,-1.1294581336533354,1.9361033651645525,-0.11499383930241557,0.48899398705801855,0.20273095593289947,-0.6688784166472787,-0.8083465012046336,-0.6253188564385794,1.9941654382738299,-1.2282640042314061,1.1114747159777079,0.6665407285696995,0.1383883256734845,1.4083478622469998,-0.13694862912746647,0.10698562232878941,0.08180007603017796,0.47316056786283767,-1.0316873494580265,-0.01104221006997812,0.6691105275164447,1.1837981353695146,0.641479846248019,-1.0916132366142655,-1.7310235365432287,0.43051153062172637,-0.9705423962490136,0.6950445935116775,-0.1550603544282264,0.9234805080913059,2.101936775084171,0.1063432005896093,-0.051178576662125226,0.8917816712446971,1.2406734923765308,1.6020374989576878,0.14508063210385141,-0.7006031956960096,0.009245306833623648,-0.5431934741346176,0.25746235111561794,-0.8487368735310479
SAMPLE_020,-0.7607790697302201,0.6553995593824854,-0.8648047895008804,0.46825298783194913,-1.0314966207671492,-0.8922371478100373,0.6692783524273385,0.44255331250940655,0.5309958373619679,-1.0104406579531535,-1.0266532585635906,0.26502470684465473,-1.0622524806326732,0.2615732176805995,-0.9428633993924567,0.3902845484000473,1.7603597781116949,1.5838927162631098,-0.9876087889989447,-0.9943900207983404,1.7544973267478117,1.7942455617948772,1.8169282481486624,-1.1294581336533354,0.4467930842687429,-0.5722060506864954,0.3032827719113965,0.18508740596808135,0.3657501405716217,-0.4259593588375547,-0.5607763450992107,0.06105352243373073,1.4300674574806302,-0.33510699919361747,0.6988438115052816,0.15287401610963275,-0.4124745766822083,0.4499024447466883,-0.5663354633425323,0.7257667268933267,0.05474947146194262,0.9126271820606927,-2.53782685431902,-0.37617112920137563,2.241505694829128,-2.004874992543302,1.106494278345686,0.7278237659077916,1.3793676865616102,-0.14521418300161712,1.0528126108648919,1.2245257250988553,0.1596601891956379,-1.5359451257264902,1.0645367902176828,-1.0051741088890127,-0.19053173549867838,1.1094473575404191,0.9678596951392956,-0.46824164594053946,0.6169801120545129,-1.4375034102978164,-0.39460917767014186,1.5387059358048294,1.2573823833961353
SAMPLE_021,-0.7607790697302201,-1.0543384216153027,0.5765365263339203,-1.0104406579531535,1.494617552540155,0.5546339026927258,0.6692783524273385,-1.119399555170852,2.2078247974523926,0.46825298783194913,0.5528132930727025,0.26502470684465473,1.708840947104735,-1.165189787849943,-0.9428633993924567,0.3902845484000473,0.3134887276089319,1.5838927162631098,-0.9876087889989447,0.575699485725355,0.2924162211246352,-1.001981287755581,1.8169282481486624,-1.1294581336533354,-1.0425171966270665,-0.1396481825401022,1.8677009878372284,-2.2843012675588934,1.1644132191246808,1.7145001348353304,-0.845982667896639,-0.14125829690070602,0.3228957217121926,1.5443979339636245,-1.2501607738992147,-1.0399247925469333,-0.510790446567449,-2.7558606659598848,-0.3308977707980462,0.0896511674882098,0.764251143319987,1.2436948592568635,-1.763352448887046,0.8449422913203355,-0.4620915115269726,0.14043738042035728,0.05128203264479221,-0.35409694382173657,-0.9742985143054073,0.30071955141873985,0.6607281686763733,-1.0462339961627143,-0.043040301360521775,-0.9443442425272138,1.2442407180015875,0.6270482765330933,1.3574945573686006,-1.6897539852858243,0.907649465793556,0.10689309359984359,-0.7971396901192764,0.45858875540678506,1.6079016094339955,1.6801568682112802,0.7610756017488727
SAMPLE_022,-0.7607790697302201,-1.0543384216153027,-0.8648047895008804,0.46825298783194913,0.23156046588650292,-0.8922371478100373,2.213766858028889,0.44255331250940655,-1.145833122728457,0.46825298783194913,-1.0266532585635906,-1.0600988273786194,0.32329423323603085,0.2615732176805995,0.6734738567088976,-1.4110287519078633,0.3134887276089319,0.33345109816065477,0.7054348492849604,-0.9943900207983404,0.2924162211246352,0.3961321370196483,-0.9429627616974071,0.2823645334133338,0.4467930842687429,0.9516470914143903,1.164787812459587,-2.124402064156709,0.2529111542125495,-0.5760931801844096,0.1796534098905195,-0.24353303316844035,-0.6481489255864773,-0.510530926172695,-1.348882276544298,-0.5706763486714304,0.3894893315363152,-1.054350945405497,-0.007292432803780436,-0.7719351323212509,0.6179855316752327,1.8115669979498548,0.6692494241426022,-1.2758479527566657,-0.3564641802580266,-1.2164406257605267,0.18357133721186192,-2.0062001740693285,-1.3112554464613224,1.10535489556559,0.7123139223533864,-1.2851627865586266,-0.4442264971557383,0.2637382423381131,0.5531693605813349,-1.7325231461287034,0.18318262707328783,-0.6344062245301506,1.0787686240773895,-0.3017925793971689,0.33701733317307553,-0.0997885864477044,0.724157606914858,-0.7931673815507826,0.6144557815520761
SAMPLE_023,0.5817722297936978,-1.0543384216153027,0.5765365263339203,0.46825298783194913,-1.0314966207671492,0.5546339026927258,-0.8752101531742118,0.44255331250940655,-1.145833122728457,-1.0104406579531535,0.5528132930727025,-1.0600988273786194,0.32329423323603085,0.2615732176805995,0.6734738567088976,0.3902845484000473,-1.133382322893831,-0.9169905199418004,0.7054348492849604,0.575699485725355,0.2924162211246352,-1.001981287755581,-0.9429627616974071,1.694187200480003,0.4467930842687429,0.7014741361357882,0.9096547420740196,-0.9112706399249616,1.3438768193185777,-1.577517342327666,-0.18848811502490317,0.9860077826410223,-0.694937614443864,-0.7446396336756852,0.43101282174956584,0.07593871821952683,1.325147372985997,0.43605356334129114,-1.2908431749883675,-1.0712329866107884,-0.6513167682445907,-0.3603940013972775,-0.047673714000432944,-1.13193145379946,0.8075942761730885,-1.4351715491940296,0.757008831614408,0.8382330671405487,0.6852559577349953,-2.9946809671399226,-1.573043701299323,-0.21457507444648516,0.13294635062245602,-0.33878684451037017,-0.6318804242315219,1.5054170570366072,0.24338884985253456,-0.3953912001729491,-1.1958375932040812,0.0005082488909395814,1.277646468018457,0.03487771419222274,0.03796852464091823,0.07657463787970445,0.09294408580901244
SAMPLE_024,1.9243235293176155,0.6553995593824854,0.5765365263339203,0.46825298783194913,1.494617552540155,0.5546339026927258,0.6692783524273385,0.44255331250940655,0.5309958373619679,0.46825298783194913,0.5528132930727025,-1.0600988273786194,0.32329423323603085,0.2615732176805995,-0.9428633993924567,0.3902845484000473,0.3134887276089319,-0.9169905199418004,-0.9876087889989447,0.575699485725355,0.2924162211246352,0.3961321370196483,0.43698274322562763,-1.1294581336533354,-1.0425171966270665,1.2072301090602817,-2.0315560348782613,0.803734029863116,-0.5603432818732703,0.013757435190817168,-0.009922987079738585,0.38835979639675255,0.12837889633901556,1.352325422157729,-0.6567199003475286,1.8827154769165784,0.3142767751404868,0.7496448629462402,0.8105498147925542,1.0600146182881252,2.734547653541437,-0.2446117817346443,-0.40084635279726843,0.018343252301230434,0.760785659950091,0.36187561572481314,-0.13081623237409937,-0.68636454696802,-0.8492792762763629,0.29112345856773403,-1.2107496593902005,-1.5544121041193952,0.08322474671829323,1.0368479763146041,0.817755936442467,0.05798276479355299,0.3176568820487865,-1.8000662692454363,-0.8858639799667132,1.8137467210186817,1.1996470218944364,-0.6620182898110649,1.792864363526627,-0.7408604595830114,-0.805838278826837
SAMPLE_025,0.5817722297936978,0.6553995593824854,2.017877842168721,0.46825298783194913,0.23156046588650292,0.5546339026927258,0.6692783524273385,-1.119399555170852,-1.145833122728457,-1.0104406579531535,0.5528132930727025,-1.0600988273786194,0.32329423323603085,1.6883362232111419,-0.9428633993924567,-1.4110287519078633,-1.133382322893831,1.5838927162631098,2.398478487568865,-0.9943900207983404,1.7544973267478117,0.3961321370196483,0.43698274322562763,1.694187200480003,1.9361033651645525,0.2460900730720247,-0.4729835759675314,0.2286368939127144,-0.7349391987513963,1.1667928692378355,-0.38073084625276993,-0.6923721926289127,-1.017925783482367,0.6603049307964779,0.49202217624906497,0.6214439487583845,-1.0969277627485228,-0.19097055613630648,0.8067386887382508,0.7665422345722027,0.7775797111044693,0.5960491311943668,-0.05955991489151117,0.1570667971319106,0.09873737051270529,0.6298743881233284,0.7642832314067316,0.3727926301245077,0.5443088205580797,-0.6486816654703016,-0.4953357279911118,0.3201310991763077,1.7782851741736814,0.3361719030569299,0.03520201644895649,-0.1671390206154543,0.6384977892732633,-0.061715914510977514,0.49479474823320174,0.4999153296390805,-1.3419149843371914,0.4432664541868225,0.526874093282513,0.837940436732711,-0.8190669239193944
SAMPLE_026,-0.7607790697302201,0.6553995593824854,0.5765365263339203,-1.0104406579531535,-1.0314966207671492,0.5546339026927258,-0.8752101531742118,-1.119399555170852,2.2078247974523926,0.46825298783194913,0.5528132930727025,-1.0600988273786194,1.708840947104735,0.2615732176805995,-0.9428633993924567,-1.4110287519078633,1.7603597781116949,1.5838927162631098,0.7054348492849604,-0.9943900207983404,-1.1696648844985411,0.3961321370196483,0.43698274322562763,0.2823645334133338,-1.0425171966270665,0.2944351795529177,0.41625881805667303,-0.34985299476033976,-1.4040302074062092,0.4359237920637564,-0.829418930959672,-0.676580511834084,1.9447772510225156,-0.8923464752188971,1.7232822901322575,-1.5110405338056339,1.2494068839071155,0.12255576588166077,0.24918690761920498,1.542223843808034,-0.33149864986307825,0.658596537448424,-0.8346136540220032,-0.7255684197679146,-0.2141158506240624,-0.343425906261602,0.8006010000055612,-1.444003347720367,0.8858817223638555,-0.724224610007744,0.21257136754439152,-0.9799099631135597,0.42302251024383114,0.9499075523331039,0.17717057265132513,1.800969757958079,-0.1929117608335542,0.5087735041938874,-1.1312227986199317,0.4174977565843826,-0.632909344117185,-0.6702481608443348,1.6217241182061228,-1.3166182738667231,-0.13121093421110128
SAMPLE_027,-0.7607790697302201,-1.0543384216153027,-0.8648047895008804,1.9469466336170518,0.23156046588650292,-0.8922371478100373,-0.8752101531742118,0.44255331250940655,0.5309958373619679,0.46825298783194913,-1.0266532585635906,1.5901482410679288,-1.0622524806326732,0.2615732176805995,0.6734738567088976,2.191597848707958,0.3134887276089319,0.33345109816065477,0.7054348492849604,0.575699485725355,-1.1696648844985411,-1.001981287755581,1.8169282481486624,0.2823645334133338,-1.0425171966270665,-0.2566680591441888,-0.5254006418335159,-1.5169022511846568,1.3193191014393268,-1.21553904011453,0.14400053773481636,1.6581417552398918,-1.6106959176886817,-0.31125597474001526,0.01638835645591987,-0.28450781733916214,0.5506192318906828,2.1759799925538093,0.9774420694982483,-0.051598742585627716,2.779361487644862,-0.8171211938782028,0.3297306354765784,-1.7360298508360876,0.4075969112142719,0.10571299094464846,0.2361395644946026,0.6685565395312387,0.2913633713657115,-1.03060000190879,-0.5743177540655815,0.1143536333931056,-1.3644971034471087,0.6386942563269468,2.017376676700832,0.41561164682019663,-0.557616380781188,-2.5345140012756757,-1.750731541791443,0.30576290690952834,1.2815537729960333,-0.20334391725691392,-1.3915944111353953,-0.9004902204620029,-0.5668475069171873
SAMPLE_028,-0.7607790697302201,0.6553995593824854,-0.8648047895008804,0.46825298783194913,0.23156046588650292,0.5546339026927258,-0.8752101531742118,0.44255331250940655,0.5309958373619679,-1.0104406579531535,2.132279844708996,1.5901482410679288,0.32329423323603085,-1.165189787849943,-0.9428633993924567,-1.4110287519078633,0.3134887276089319,-0.9169905199418004,0.7054348492849604,0.575699485725355,0.2924162211246352,1.7942455617948772,-0.9429627616974071,0.2823645334133338,0.4467930842687429,-0.28680071118640815,0.645388582619937,0.8032460326594558,-0.2715723254054388,0.9320478988724757,0.07723737688433414,0.4634008928830041,-0.22124206207944883,0.7898930055188454,-0.5387860544792331,-1.2528751121301913,0.4441881031469398,-0.3328572502960224,-0.1846876778609405,-0.33330890018910647,0.1760690261159618,0.04804045346562349,0.6908398040053422,-0.02991010925494751,1.7101723759765175,0.6622148886571525,1.8141002199020377,1.1047685176513025,-0.7394034582910102,1.2497893164590792,1.0464255659820427,-2.524470915875676,-0.5389079102838323,1.3466139434211921,1.2034366045279001,-1.5469951947886682,0.7462677117091719,1.9846786924926103,0.4628720108084825,-1.7386331204798307,-0.8584688756653219,0.37581158167488493,-0.1422871676716337,1.3393373149846322,0.6744459458933179
SAMPLE_029,1.9243235293176155,-1.0543384216153027,0.5765365263339203,-1.0104406579531535,1.494617552540155,-0.8922371478100373,0.6692783524273385,2.004506180189665,0.5309958373619679,-1.0104406579531535,0.5528132930727025,0.26502470684465473,0.32329423323603085,-1.165189787849943,2.2898111128102516,0.3902845484000473,-1.133382322893831,0.33345109816065477,-0.9876087889989447,-0.9943900207983404,0.2924162211246352,0.3961321370196483,0.43698274322562763,-1.1294581336533354,0.4467930842687429,1.3063304416242565,-2.354881008169883,-1.5618987799418997,0.49438293154202506,1.9228452249192198,-1.3065347840986754,-1.1159386692534825,-0.21803866624373033,0.33480530398550357,-1.945112977981743,0.6691047004031613,0.16987383853360313,0.37224648269669186,-0.9687975244756224,-0.29541432921927024,0.7038570793201417,-0.4048592252182484,-0.5919203654674553,2.053569758877926,0.3247660734629442,0.8511289761967654,0.9991672117647987,0.32744040499819266,0.5592495898250556,-0.9324969751448167,1.3194214752378381,1.2520717447342458,0.15350572200925813,-0.24175618368646726,-1.050275502420169,1.2231102832461411,-0.30118306852689886,0.7313023092059271,-1.6672542479166859,0.6349073569794385,-0.22201675566489212,0.013159497173729714,-1.3233877984141524,0.7153485448784965,-0.6052217113279854
SAMPLE_030,0.5817722297936978,-1.0543384216153027,2.017877842168721,-1.0104406579531535,-1.0314966207671492,0.5546339026927258,0.6692783524273385,-1.119399555170852,-1.145833122728457,0.46825298783194913,2.132279844708996,0.26502470684465473,-1.0622524806326732,-1.165189787849943,0.6734738567088976,0.3902845484000473,0.3134887276089319,0.33345109816065477,0.7054348492849604,0.575699485725355,0.2924162211246352,1.7942455617948772,1.8169282481486624,1.694187200480003,0.4467930842687429,1.6386647498482676,0.22264805161616386,-0.22042422764255873,-0.4136126364521599,0.2458168057376591,-1.4357255142678653,0.16265954724719361,0.23471775452734311,-1.345986693118163,0.6124787183587385,0.09381208986244378,0.8650826535325032,1.3413479402452604,0.12265568822181164,0.47909115497059435,1.5339635085032923,-1.8202977217035299,-0.4834649005375538,-0.10892776927096856,-1.5628906148105512,0.2716927226381671,-2.45398566353754,1.0864201573585655,-1.6108259917300474,-1.2064467433066177,0.3641899215226024,-1.4201298789722896,1.900396645373468,-0.11984552314790299,0.07218360792517665,1.4165736078885836,-0.13629921144525733,0.3172716672451326,-0.33055047412744465,-0.6415376306333382,0.3494626944061755,0.4920215101103103,-1.1812624690386089,-0.9110683814113442,-0.6498744796599785
SAMPLE_031,-0.7607790697302201,-1.0543384216153027,-0.8648047895008804,0.46825298783194913,-1.0314966207671492,0.5546339026927258,-0.8752101531742118,0.44255331250940655,0.5309958373619679,0.46825298783194913,0.5528132930727025,0.26502470684465473,0.32329423323603085,1.6883362232111419,0.6734738567088976,0.3902845484000473,-1.133382322893831,1.5838927162631098,-0.9876087889989447,0.575699485725355,1.7544973267478117,-1.001981287755581,-0.9429627616974071,0.2823645334133338,0.4467930842687429,-0.3628483843916876,0.2124466042556678,-0.32078333437657647,1.8904411621901662,-1.4190058305963587,-0.5408133262071697,1.0148148576802103,-1.8407463109970932,-0.42359095957248916,0.01844905010094927,0.4041546833231056,0.8943994132329884,0.3512284365580277,-0.167634945209627,-0.014553672337033953,0.25501324767735445,-2.180056002849113,-0.2469396789194375,0.8408735037081554,-0.4785100775471051,-1.6403882137028922,-1.3733367940915893,0.3002949361605991,-0.7913035127440875,0.15763367646460347,-0.1970461528500383,-0.3213505118635771,-0.8825111399737083,-0.03261563763426668,0.23529181942129296,-0.05995610737028607,0.7591070608947166,0.27319557561077723,-0.7884717342199841,-0.48022020561508955,-0.10350368454584115,0.11701266054693678,1.382327860901555,1.7671601896951223,-0.4684913374073692
SAMPLE_032,-0.7607790697302201,-1.0543384216153027,-0.8648047895008804,1.9469466336170518,0.23156046588650292,2.001504953195489,0.6692783524273385,-1.119399555170852,-1.145833122728457,-1.0104406579531535,2.132279844708996,1.5901482410679288,0.32329423323603085,-1.165189787849943,-0.9428633993924567,-1.4110287519078633,-1.133382322893831,0.33345109816065477,0.7054348492849604,-0.9943900207983404,-1.1696648844985411,0.3961321370196483,-0.9429627616974071,-1.1294581336533354,-1.0425171966270665,-1.0371619912160575,-0.8144458128516474,0.2579260017039186,0.6958491767132693,0.018890764601982583,1.4253161101177758,1.780817182596543,-1.2845309483190104,0.27219114384839027,-0.2791835821706929,0.1922845361512706,-1.5752641810688806,-0.11226034286620419,0.5620013355409738,1.4983417763794662,0.1632346973614261,-0.39948489311406676,-1.6756126111107386,0.08272097072102072,0.6430109282594206,1.0985305242763657,0.4392052867600093,-0.9850979927211223,0.5872467822508984,1.6899649427896544,-0.44926477219885375,-0.6269316657410848,-0.3338361135718196,-0.26335739359118604,-0.34671445276632035,0.8637604595874935,0.3437334823164611,-0.32761203954543416,-0.18897545050190193,-1.8098284662271034,0.2972412432056853,-1.2987033094103966,-0.2029953129792486,-0.47343225453535037,0.4224026130083013
SAMPLE_033,-0.7607790697302201,0.6553995593824854,-0.8648047895008804,0.46825298783194913,1.494617552540155,0.5546339026927258,-0.8752101531742118,2.004506180189665,-1.145833122728457,0.46825298783194913,0.5528132930727025,0.26502470684465473,-1.0622524806326732,1.6883362232111419,-0.9428633993924567,0.3902845484000473,-1.133382322893831,-0.9169905199418004,0.7054348492849604,-0.9943900207983404,-1.1696648844985411,-1.001981287755581,0.43698274322562763,1.694187200480003,-1.0425171966270665,-1.7154561550302763,-0.06206726860225802,2.03713805666823,0.15371383452464063,-1.3388807834728174,0.6899418887979167,-0.3264161002299497,-0.3945778152854376,1.1371870035247549,-1.9939311831379996,0.5680699076412279,-0.04862703472129203,-1.278848266945666,-0.6548327443329268,0.5415152064243514,0.4484160619419771,0.9652058367773484,-0.7363148087265231,-0.7796087919071646,0.33957731244107053,1.0865555732413084,-0.24848814987365844,1.401515444238167,-0.3723176167511165,2.032260329123712,-1.9560180152435394,1.5160212983704138,-1.4285252560786639,1.1037967227865955,0.2518644291727033,-0.42651041156275843,-0.9159742768152594,-0.9936274696402811,0.5409633350180266,0.44214009093190204,-0.23581483281545543,-0.022762713592598075,-0.7864834867234466,-0.13070969899277415,0.8216632985035806
SAMPLE_034,0.5817722297936978,-1.0543384216153027,0.5765365263339203,-1.0104406579531535,1.494617552540155,-0.8922371478100373,2.213766858028889,0.44255331250940655,-1.145833122728457,0.46825298783194913,-1.0266532585635906,-1.0600988273786194,-1.0622524806326732,1.6883362232111419,0.6734738567088976,0.3902845484000473,0.3134887276089319,0.33345109816065477,0.7054348492849604,2.1457889922490505,0.2924162211246352,-1.001981287755581,-0.9429627616974071,-1.1294581336533354,0.4467930842687429,-0.2586077353282959,-0.5656606284952038,-1.0051435490902958,1.2040645710797107,0.04090119515817576,0.11215181632569761,-1.200358518949019,-0.7035802966265371,0.5128697406323961,-1.2669803723923168,-0.5505625133013228,0.22468654036544275,1.8113674373585127,0.9880090825560625,-0.02243579060981248,-0.9315519656923825,-0.11518083674655101,1.5064329559302827,2.0412135156340248,-0.6192128657830009,1.4784929931402127,-1.5879510316892065,0.9400910654840713,0.39344859109276525,1.051032493197487,-1.0386282079913118,0.24267370895062823,-1.7699978647931216,-0.9455086063516295,0.1508661704454711,0.294302895824545,2.564317771100804,-0.5239739992076442,-0.14665507569540184,-1.3738649514037093,-2.011576618725065,0.8404234135878469,0.958956234460659,-1.426300999170086,-1.6310949482189472
SAMPLE_035,-0.7607790697302201,0.6553995593824854,0.5765365263339203,-1.0104406579531535,1.494617552540155,0.5546339026927258,0.6692783524273385,-1.119399555170852,0.5309958373619679,0.46825298783194913,0.5528132930727025,1.5901482410679288,0.32329423323603085,0.2615732176805995,-0.9428633993924567,0.3902845484000473,0.3134887276089319,-0.9169905199418004,0.7054348492849604,0.575699485725355,-1.1696648844985411,0.3961321370196483,0.43698274322562763,-1.1294581336533354,-1.0425171966270665,-0.16357382113040467,1.7431583943958193,0.17700631445396478,-1.3275315088467667,-0.23222641926030105,0.7760643019166282,-0.3130313202791486,0.4896292118365441,1.638839676697665,-1.4621946152149805,-0.3203000277163897,1.6350674972777597,0.19561614380813613,-0.10115348145073554,1.388280630174894,-0.48976643789249835,1.3727695632241173,-0.9152419659159584,0.3878062453882871,-0.3199632739766477,0.14358225641847455,-0.5475798096419076,-0.1618771256225656,-0.76948419626741,0.42247754307056595,-1.030728111606151,0.6007436515924165,2.175320108072799,-1.9683442096506016,-2.1628791577867577,-1.021594653200185,0.6376808278438961,-0.7502780165647347,0.4324737243362618,0.9928194266001361,-0.3013186412220589,0.8277438628253084,-2.1600766561515226,0.8774113909271908,0.7392539515435745
SAMPLE_036,-0.7607790697302201,0.6553995593824854,-0.8648047895008804,-1.0104406579531535,0.23156046588650292,0.5546339026927258,0.6692783524273385,-1.119399555170852,0.5309958373619679,0.46825298783194913,0.5528132930727025,1.5901482410679288,-1.0622524806326732,0.2615732176805995,0.6734738567088976,0.3902845484000473,0.3134887276089319,-0.9169905199418004,-0.9876087889989447,-0.9943900207983404,-1.1696648844985411,-1.001981287755581,0.43698274322562763,-1.1294581336533354,-1.0425171966270665,-1.090294185534829,1.055340236732458,1.303512761393463,0.4536778933204686,0.2730233691655562,-1.408924853780829,0.33278516136096065,1.011415720972196,0.4331813805318455,0.5783602870725774,2.1230625705498896,0.9963661411645369,-1.3840007513217207,-1.1870540723155532,-1.1374027798006976,1.7145697444628802,0.38805967400554403,0.45308505736004895,0.20883341480095122,-1.115036326276622,-0.6289226618970375,0.9262541209303589,0.31403099708884485,-2.0217232180935336,0.7998351737207599,1.2868738346031858,0.11465726645846412,-0.3209823201188071,1.2615043578460228,-0.02472228270867743,-0.6050615409761598,-1.5081950412721634,-0.5035647556271028,1.774115048868973,1.234512554258016,0.0861000755883322,-0.0034351387821151833,1.0416599091998342,0.11412144231379712,-1.2255262264761997
SAMPLE_037,1.9243235293176155,-1.0543384216153027,-0.8648047895008804,-1.0104406579531535,1.494617552540155,-0.8922371478100373,0.6692783524273385,2.004506180189665,0.5309958373619679,0.46825298783194913,-1.0266532585635906,0.26502470684465473,0.32329423323603085,0.2615732176805995,0.6734738567088976,0.3902845484000473,1.7603597781116949,0.33345109816065477,0.7054348492849604,0.575699485725355,0.2924162211246352,-1.001981287755581,0.43698274322562763,0.2823645334133338,-1.0425171966270665,0.24028891248064596,-1.5085356033175334,-0.856819857992607,0.7196116103864276,-0.8006139497122843,0.3584411548136379,-0.1592710917682427,1.6552725755045223,2.319520586611329,-1.8403886436884438,-0.4061046809608886,0.8493434751403933,0.9783456241613175,2.2993289265975494,-0.43521632524158815,-0.9198053172337286,-0.10279542602601278,-0.00481755850760691,0.40289483462952774,0.8253414501020039,-0.04516959227026827,0.977678978160295,0.3087364108549223,1.3162645409604516,-0.24883750324014892,-0.03293954273804453,0.3565831512824781,1.0368198937375035,-0.25332213577501306,-0.8508227623843356,-1.8086866588534383,0.9110764069975739,0.7655202980339663,1.5607737931758863,0.027825475867526178,0.051831441434862284,0.16943783931426298,-0.4571452324350612,-0.7261692970519038,0.39556450328678155
SAMPLE_038,-0.7607790697302201,0.6553995593824854,-0.8648047895008804,1.9469466336170518,-1.0314966207671492,-0.8922371478100373,-0.8752101531742118,0.44255331250940655,-1.145833122728457,-1.0104406579531535,-1.0266532585635906,0.26502470684465473,0.32329423323603085,-1.165189787849943,-0.9428633993924567,0.3902845484000473,0.3134887276089319,0.33345109816065477,-0.9876087889989447,-0.9943900207983404,0.2924162211246352,-1.001981287755581,0.43698274322562763,0.2823645334133338,-1.0425171966270665,-1.061613613174257,1.062054980834037,-0.8684525619177109,-0.3157367324188306,0.16186204322337358,-0.026309213633955966,1.145800204210737,-1.9501556913111082,-0.47066325646876084,-0.4450388884012841,-0.7040521970114633,0.4238075401401019,0.5803012112776981,-0.7229977076842501,-0.9486997443096223,-2.2167018551945477,1.0084011461507707,0.4008007714257043,0.5270999259246546,0.5725793238859517,-1.5852112061710542,0.29047960046363613,0.7676879088927157,0.06496518163273483,-2.2898874520369636,-0.3070010376091378,-0.12709812960409764,0.9477521012120007,-0.3637107947466909,-0.34347294236660825,-0.5015285209909176,0.6184490247766936,0.8016715194579637,-0.39097035482720255,-0.5255995815587525,-2.446188913039688,-1.9032927646263926,-0.7512834343265816,-0.14250057449386125,-0.7751460397565622
SAMPLE_039,-0.7607790697302201,-1.0543384216153027,2.017877842168721,0.46825298783194913,1.494617552540155,-0.8922371478100373,-0.8752101531742118,-1.119399555170852,-1.145833122728457,0.46825298783194913,-1.0266532585635906,0.26502470684465473,-1.0622524806326732,0.2615732176805995,0.6734738567088976,0.3902845484000473,0.3134887276089319,-0.9169905199418004,0.7054348492849604,-0.9943900207983404,0.2924162211246352,0.3961321370196483,-0.9429627616974071,0.2823645334133338,0.4467930842687429,-0.5630356426039621,0.5106503765004756,-1.3783030087083046,-0.7377851919525771,1.0075597002567476,-1.2182406488685482,0.2991119608868334,-1.692831252197246,0.13004033590680816,-0.4660619120543742,-2.0044927469933835,-1.1740213316785377,-0.898564248027064,-1.561855589675884,-0.24538717297716078,-1.347065886657103,-1.8422507713121414,0.4525175841718222,-1.7001902059737504,-2.569109872372829,1.0309031248321843,2.1615232874182206,0.25682301953980136,0.7311014179241884,0.6869328961867531,2.2572441570760837,-0.7991714398612411,-0.4504747766035133,-0.7343005050379149,0.2207926230472324,-0.15275589955819163,-0.13869386540802922,0.20742048307188757,1.8896055185156875,0.23232925523268083,0.8286893912876828,0.6253606629403812,0.4196180253371062,-0.27019356682511275,0.7444437673746483
SAMPLE_040,-0.7607790697302201,0.6553995593824854,-0.8648047895008804,-1.0104406579531535,0.23156046588650292,-0.8922371478100373,0.6692783524273385,-1.119399555170852,-1.145833122728457,0.46825298783194913,-1.0266532585635906,-1.0600988273786194,-1.0622524806326732,1.6883362232111419,-0.9428633993924567,0.3902845484000473,-1.133382322893831,0.33345109816065477,-0.9876087889989447,0.575699485725355,-1.1696648844985411,0.3961321370196483,-0.9429627616974071,-1.1294581336533354,-1.0425171966270665,-0.030794023975088413,-0.32050984984575315,0.5392107578412132,0.9198744713424559,-0.1700795324955171,1.1666027371347343,-0.00951509479555285,0.536894256387171,0.12281555393275063,0.9205957931479524,0.9234191587018277,-1.4112457770343947,-0.5138537170697971,0.8261376890202028,2.201967045872517,-0.8547494138748852,0.49141413098025527,1.0672981929956231,-0.040609921225063315,-1.2225290593197673,1.9294398625943945,-0.7980039516351811,-0.7164708475835416,0.2787806533173577,0.08008213611016682,-1.1264465396346328,1.6457135191410224,0.46326999340764424,0.7524458983570331,0.12512613680914633,0.07032298683452809,1.1827061237312955,-0.5360548617030456,-0.5389852006266523,0.4488166934313758,0.9070559273502603,0.8487394388934983,-0.8562401011787157,-1.121834510349793,-0.8297733826183605
SAMPLE_041,-0.7607790697302201,0.6553995593824854,-0.8648047895008804,0.46825298783194913,0.23156046588650292,-0.8922371478100373,-0.8752101531742118,0.44255331250940655,0.5309958373619679,-1.0104406579531535,0.5528132930727025,-1.0600988273786194,-1.0622524806326732,0.2615732176805995,-0.9428633993924567,2.191597848707958,0.3134887276089319,0.33345109816065477,-0.9876087889989447,-0.9943900207983404,0.2924162211246352,0.3961321370196483,0.43698274322562763,-1.1294581336533354,0.4467930842687429,-2.278492581558035,0.699502059432502,-0.6164362395694865,-0.05168169204955315,-0.9395830540308688,0.8262103855097851,-0.7645991474858906,1.042007191110397,-0.004358964474266611,0.4052963815465191,-0.3259099976778808,0.24035500999500103,-1.0866617788707464,-0.3438779531194409,-0.18485478046678666,0.0538785310649315,0.43277793830014405,0.28876285598047624,0.1242986915804954,-0.6519677945130707,-0.9427131353211381,-0.947410449731498,-0.8130414225122932,0.9040562468138587,1.084946580615139,-1.0015117697269647,-0.9547665331773165,-1.545763498643737,-0.9384706953434846,0.5759789940441453,-1.1322397798049022,1.054141113186881,0.4586491837569293,0.9408468248908883,-0.973481655666469,0.7060142690752053,-1.0332185824274611,0.7490762526327472,1.5093349733388983,1.3362153821840947
SAMPLE_042,0.5817722297936978,-1.0543384216153027,-0.8648047895008804,0.46825298783194913,1.494617552540155,-0.8922371478100373,-0.8752101531742118,-1.119399555170852,-1.145833122728457,-1.0104406579531535,0.5528132930727025,0.26502470684465473,-1.0622524806326732,1.6883362232111419,-0.9428633993924567,-1.4110287519078633,0.3134887276089319,0.33345109816065477,-0.9876087889989447,0.575699485725355,-1.1696648844985411,1.7942455617948772,1.8169282481486624,-1.1294581336533354,-1.0425171966270665,0.5856301854045433,0.07106224471769744,0.6341754394323587,0.75341001690512,-0.6087875363122645,0.5819737538665585,-0.8418470039711504,-0.5591338691260482,0.9347172734763375,-1.1177405803157265,1.4459658439581122,0.17406950805899693,2.30287787314152,0.06683862678464315,-0.6656494083834438,-0.779652198261446,1.3728913699263006,0.6141679508006866,-2.193134233848215,-1.8903059592651752,-1.092699982271434,-0.491217283045548,-1.413378914337593,-0.8387080960252205,-0.784551915172709,-1.3365087160985962,2.052092905990255,1.30556884439361,1.719499090984104,1.816487927488923,-0.0009418216235574877,0.042719530580745985,-0.9930857084446464,-0.013974872691719912,-1.2029511083948219,-1.7145589999738224,-0.713770815840654,0.9262358238289048,0.10858619091955182,0.5521751085406305
SAMPLE_043,0.5817722297936978,-1.0543384216153027,0.5765365263339203,-1.0104406579531535,0.23156046588650292,-0.8922371478100373,-0.8752101531742118,-1.119399555170852,-1.145833122728457,-1.0104406579531535,0.5528132930727025,1.5901482410679288,0.32329423323603085,0.2615732176805995,-0.9428633993924567,-1.4110287519078633,1.7603597781116949,0.33345109816065477,0.7054348492849604,-0.9943900207983404,-1.1696648844985411,-1.001981287755581,-0.9429627616974071,1.694187200480003,-1.0425171966270665,1.2696376743355695,1.7859310981312204,0.115773964035249,0.33947829984683553,0.028357353310216424,-0.7056104425325652,-0.144856923679328,0.2730327512696266,-0.07665140635119888,-0.74249789687083,-0.6729353392805595,0.9100637820600767,-0.5128922543280034,1.4061797012663875,0.39900590308664025,-0.4902222536016773,0.9313961718641087,-0.9767986213172695,-0.796654101787696,1.3645899965552648,-0.9489867510849092,0.001885490131928183,-0.2669094956254568,-0.8051897318951251,0.9965898104591585,0.7138820844591334,0.7297055374907604,-0.0032233172882969786,0.4607616039010598,-1.7994553365483332,-0.37241566331280673,-0.026105495304195078,-0.6138661001593797,0.024935139374459785,2.607107181068118,0.07910389862271815,0.38592526812298034,0.2686187719236934,-1.2413797773660842,-1.4389793249901581
SAMPLE_044,1.9243235293176155,0.6553995593824854,-0.8648047895008804,1.9469466336170518,0.23156046588650292,-0.8922371478100373,-0.8752101531742118,0.44255331250940655,-1.145833122728457,0.46825298783194913,-1.0266532585635906,-1.0600988273786194,1.708840947104735,0.2615732176805995,0.6734738567088976,-1.4110287519078633,0.3134887276089319,-0.9169905199418004,0.7054348492849604,-0.9943900207983404,-1.1696648844985411,0.3961321370196483,-0.9429627616974071,0.2823645334133338,-1.0425171966270665,1.0770285720900843,-1.3489071668592036,-0.4125796195233561,-0.19115043187057304,-0.9366621743470157,1.2375544890208179,1.3796426814999874,-0.44210880252017193,0.1618550351906997,-0.28595758979879976,1.0567731796881152,-1.1558362975860907,-1.1911404677259605,-1.3942837926697937,-0.4539208598103733,0.4896388819872286,0.4470587135178256,2.4142779209954774,-0.815841392499711,-0.45466955305993234,-0.9993094026505945,-1.0525226808954415,1.6041449329562651,-0.555834884600723,0.47062011952759714,-0.14484581785399847,-0.8541185672599562,-0.7973972816687526,-2.322343648218682,-0.03183373166643886,0.1659431632488746,-0.3472304403317068,1.1615670065604542,-1.5464422460237244,-0.02394985691857335,-1.0885517914110079,0.35734860859881673,-0.8114725926349363,0.8545176855249921,0.5850374184624071
SAMPLE_045,-0.7607790697302201,0.6553995593824854,-0.8648047895008804,0.46825298783194913,-1.0314966207671492,-0.8922371478100373,-0.8752101531742118,-1.119399555170852,0.5309958373619679,0.46825298783194913,0.5528132930727025,1.5901482410679288,-1.0622524806326732,-1.165189787849943,0.6734738567088976,0.3902845484000473,0.3134887276089319,0.33345109816065477,-0.9876087889989447,-0.9943900207983404,0.2924162211246352,-1.001981287755581,-0.9429627616974071,0.2823645334133338,0.4467930842687429,-0.8717864395892366,-0.0010847367064779098,-0.35527991093003625,0.4112265541438031,-0.8145657718530507,0.49296431052785566,-0.5030885721085847,-0.6035826701744162,-1.4147543775574192,0.4628659356645934,1.5312607144091215,-0.2500952659910723,-1.373663521612214,-0.7277775504323555,-0.5760823021147417,-1.1044072099464375,-1.243450671890773,-0.35347291545355425,-0.2170286994493992,-1.0412071803019372,-0.805875119160576,0.580303251650812,0.794649756077801,-0.8972179679757821,-0.14365163748903054,0.3355272180178203,0.22868663103175788,1.4399507558417275,-1.7329821441104702,-1.3618502867960127,0.8821143956033946,0.26792353704950617,-0.5673235455471944,0.9628563754826539,-0.8027854942784824,0.49660085358475925,-0.16541519587905795,-0.6919289380439247,-0.4343890732415738,1.0937183589704496
SAMPLE_046,0.5817722297936978,-1.0543384216153027,-0.8648047895008804,-1.0104406579531535,-1.0314966207671492,-0.8922371478100373,-0.8752101531742118,0.44255331250940655,0.5309958373619679,0.46825298783194913,-1.0266532585635906,1.5901482410679288,0.32329423323603085,1.6883362232111419,0.6734738567088976,0.3902845484000473,1.7603597781116949,1.5838927162631098,-0.9876087889989447,0.575699485725355,1.7544973267478117,-1.001981287755581,0.43698274322562763,-1.1294581336533354,1.9361033651645525,0.7667125220645339,0.12623562764345964,-0.7251284435460129,0.869072199501835,-0.5669437839460363,1.8750542136145156,-1.0501833570524644,0.355551598711693,-1.9726013798625308,-0.10402317677722968,-1.2654566863693195,1.100117123770549,1.784886187883911,1.5620098939284919,-0.0013763158544714698,-0.47301654416008343,-0.05405212842354813,-0.8585710257228808,0.13578187226684732,0.3835546485657494,-0.8574744501710848,-0.19760797498609925,1.2967684755157172,0.9626076072113131,-1.2134592450121158,0.9551045777661691,-0.1531469208460961,-0.049833183670795415,-0.42901167321819084,-1.9090027820971653,0.5463770184649233,-1.574159861690654,0.9784061090002945,-1.523076931280732,1.117789171439135,0.20293269018149213,0.5698172221298136,-0.6349257395278738,-1.8782291909965194,-0.9561099205276233
SAMPLE_047,0.5817722297936978,-1.0543384216153027,-0.8648047895008804,0.46825298783194913,-1.0314966207671492,2.001504953195489,-0.8752101531742118,0.44255331250940655,0.5309958373619679,0.46825298783194913,0.5528132930727025,0.26502470684465473,0.32329423323603085,0.2615732176805995,-0.9428633993924567,-1.4110287519078633,-1.133382322893831,-0.9169905199418004,-0.9876087889989447,0.575699485725355,-1.1696648844985411,-1.001981287755581,0.43698274322562763,-1.1294581336533354,-1.0425171966270665,-0.09157501857991972,-0.06239302397281081,-1.1301749915908343,1.3476394498494666,-0.18018714864701485,0.04802608240500311,-0.07204935124632467,-0.8320939110003603,-0.6621638307576954,0.749913490320632,0.0218321538655825,-0.0038190969011525906,1.0755352952476416,-1.0994770094561728,0.249719803376892,-0.13470878365476743,-1.2373459335286008,-0.2899098217083243,-1.1008005700976355,2.063651329571912,1.100517095682455,-1.6502453638478307,-0.3554488692035959,0.6479234343151192,1.1816660286802423,0.7234575865405807,1.8551562905726484,0.10033375610674918,1.1686743516493636,-0.9712522339949795,1.0464171587666538,-0.2584861274386619,-0.11713523529737731,1.26804520780228,1.0146902031097749,-0.21456855045883022,2.383878654444068,1.3061089322228445,-0.45302677623189047,-2.329177052203993
SAMPLE_048,0.5817722297936978,0.6553995593824854,2.017877842168721,-1.0104406579531535,-1.0314966207671492,-0.8922371478100373,-0.8752101531742118,-1.119399555170852,-1.145833122728457,-1.0104406579531535,-1.0266532585635906,-1.0600988273786194,-1.0622524806326732,0.2615732176805995,-0.9428633993924567,0.3902845484000473,0.3134887276089319,-0.9169905199418004,2.398478487568865,-0.9943900207983404,0.2924162211246352,-1.001981287755581,0.43698274322562763,1.694187200480003,-1.0425171966270665,-0.03568966228726189,0.6354876933247982,0.18536524659119558,-1.0864289728141736,0.7364601445725691,-0.0876023326906072,-0.5436387913107775,0.7170254141100791,-0.21199562647992878,1.6465027714089644,0.146829931466742,2.40799471493972,0.5854529624252905,-0.09894619232237487,-0.5936979223700506,-0.12916794018426087,-1.961350157239584,-0.2741255852989236,-0.34216343475029243,0.48729306793012295,1.0410294855935343,0.9981558712169758,0.041967975549090715,-0.571310838650031,-0.5921256114554212,-0.9862038005211335,-0.4551298280468848,-0.14021845065895988,-1.5981353276160033,0.6030134239104961,-0.04284156192188581,-0.8464909987327994,-0.6706088574280494,0.7044695887218878,0.9420577455372235,2.4594512218290747,0.5313058640559645,-0.5942539361717829,-0.744253409904167,0.3486695613609479
SAMPLE_049,0.5817722297936978,0.6553995593824854,2.017877842168721,0.46825298783194913,0.23156046588650292,-0.8922371478100373,0.6692783524273385,-1.119399555170852,0.5309958373619679,1.9469466336170518,-1.0266532585635906,1.5901482410679288,-1.0622524806326732,0.2615732176805995,2.2898111128102516,0.3902845484000473,-1.133382322893831,-0.9169905199418004,0.7054348492849604,0.575699485725355,0.2924162211246352,-1.001981287755581,0.43698274322562763,0.2823645334133338,-1.0425171966270665,0.5386346855178232,-0.015012345054788146,0.75112208131049,-1.7247045716333813,0.4686645777483693,-2.580456199123268,0.09273185974013738,-0.3297994033604594,0.35569898346096657,0.46243833951144603,0.02244299346435031,0.39164840889374314,-1.75398245190383,-0.26455750015577884,-1.1821545630185877,-0.8525585335562504,0.3735893945282437,2.6184506763816233,1.7652816012353576,0.5269101878005796,0.544114283133266,-0.22207819237841864,-1.0419225659501434,0.46767188216835237,-0.4119583201048238,1.6378759505886062,2.076725047702984,1.9816127286752427,-0.9515145717262382,-0.3307851406737652,-1.2693996634380253,0.5484351231848447,-0.9114277634755938,-0.796526486671034,-1.0760246602579264,-0.6210853931539072,1.5453624960010783,-2.3537692013832063,0.5556800859715967,-0.7898460362948779
SAMPLE_050,-0.7607790697302201,0.6553995593824854,0.5765365263339203,0.46825298783194913,0.23156046588650292,0.5546339026927258,-0.8752101531742118,0.44255331250940655,2.2078247974523926,1.9469466336170518,2.132279844708996,-1.0600988273786194,0.32329423323603085,-1.165189787849943,-0.9428633993924567,0.3902845484000473,0.3134887276089319,-0.9169905199418004,0.7054348492849604,-0.9943900207983404,-1.1696648844985411,1.7942455617948772,0.43698274322562763,0.2823645334133338,-1.0425171966270665,-0.3294651310444738,-0.9621762276032014,0.11841890371478245,-0.814543260701836,1.2538374473237357,-0.33965544482888865,0.5021459166578659,-0.1933729221909307,0.24741115931311236,0.10980394575586713,-0.0958292370312495,0.8818263032264043,0.20379549776105155,-0.9763015397724749,1.3672615242317718,-0.860412478560589,1.9071820554697183,1.017576781196986,0.04778650024427526,-1.2484672844896412,1.6828513565377226,0.5195399734342352,1.3209222370926919,1.5862528098851199,-1.0772561957513538,0.19801939836747973,-0.23679065265602012,0.27468626219429265,0.25670484352355133,-1.4667787590160215,-0.1758792832697862,0.022970252413050986,-1.3572605158344828,-0.933418829393552,0.06405791333455635,0.6789554125078386,-0.13486269322302272,-0.6170260770894131,-1.039283789174757,-0.3621448298165871
SAMPLE_051,-0.7607790697302201,-1.0543384216153027,-0.8648047895008804,-1.0104406579531535,-1.0314966207671492,0.5546339026927258,-0.8752101531742118,-1.119399555170852,2.2078247974523926,-1.0104406579531535,0.5528132930727025,0.26502470684465473,-1.0622524806326732,0.2615732176805995,-0.9428633993924567,0.3902845484000473,1.7603597781116949,0.33345109816065477,-0.9876087889989447,2.1457889922490505,0.2924162211246352,0.3961321370196483,0.43698274322562763,-1.1294581336533354,0.4467930842687429,-0.043254442283738204,0.32852458564369813,0.2070336556691999,0.629230753872745,0.731145268657771,0.5353632511656272,0.24539239109647035,0.7076787857568405,-1.4340298752908487,0.7004408549918022,-1.5757743067806393,-0.16445207920246044,-0.6065412513052847,-0.8307428230627264,2.1845053244567607,0.40153017413549746,1.0372411918831765,0.09984881797917569,2.6264532476931404,-2.021230024857365,-0.2234164134616301,-0.32202828344583523,-0.2284831612155166,0.9777891882729246,0.11457694732137057,0.4946637515043089,1.0644444956886367,0.18649577267884573,0.5568193783833683,-0.26493943683162674,-0.6396148200690802,-0.8947490016286255,0.14204837884320304,-1.1610559126676765,-1.2814469903827463,0.6425252459269516,-0.866247171366147,0.6268859411872468,-0.32833988831414873,-0.5729956291577658
SAMPLE_052,1.9243235293176155,0.6553995593824854,0.5765365263339203,0.46825298783194913,1.494617552540155,-0.8922371478100373,0.6692783524273385,0.44255331250940655,-1.145833122728457,0.46825298783194913,-1.0266532585635906,0.26502470684465473,-1.0622524806326732,-1.165189787849943,-0.9428633993924567,0.3902845484000473,0.3134887276089319,1.5838927162631098,-0.9876087889989447,-0.9943900207983404,0.2924162211246352,0.3961321370196483,-0.9429627616974071,-1.1294581336533354,0.4467930842687429,1.7128655360362552,-0.5722655051431073,0.8856002033696447,-1.0385606699823482,1.0368095284881287,-1.148192471551006,0.32427060767992455,-1.4955733838968281,1.6032368588485877,-1.7065434027931803,-0.1627242073820717,-0.1651821780480108,-0.23016916302141696,1.9769881429447045,-2.136613800070108,-0.42858342150956685,0.27210323997017755,-1.389951878411713,-0.31692247238994736,0.31133492014038994,0.520987579739042,1.0846279267782437,1.5745061759882744,-0.3691802069243352,0.11198046765809086,-1.6454678289310563,0.06065794762364089,-1.3850233716904723,-0.23676031459845912,0.9765284449237766,0.5376421032323236,0.024443608898468628,0.9525373449660782,0.946148392541041,-1.009620682653835,1.2017342006188254,-0.7038734116484046,-0.3682270083227893,0.7640151009995095,0.14720444229958793
SAMPLE_053,-0.7607790697302201,0.6553995593824854,0.5765365263339203,-1.0104406579531535,-1.0314966207671492,0.5546339026927258,0.6692783524273385,2.004506180189665,-1.145833122728457,0.46825298783194913,-1.0266532585635906,0.26502470684465473,-1.0622524806326732,-1.165189787849943,0.6734738567088976,0.3902845484000473,0.3134887276089319,-0.9169905199418004,-0.9876087889989447,2.1457889922490505,0.2924162211246352,0.3961321370196483,-0.9429627616974071,0.2823645334133338,0.4467930842687429,-0.4548330603047424,1.7147172204507408,0.9977449720431459,-0.2033376744315859,1.288323238361796,-1.6879571557666353,-0.9890188692261764,1.1210128273165973,-2.220831883565974,1.5074484539200963,0.03945745070796948,0.14434453858770874,-0.022152919898362464,-0.14663755650611032,-0.6050603576888022,-0.6563451392554225,-0.21083420778644155,-0.54913839045168,-0.3424818609186824,-0.16225860579689044,1.0033917091128866,1.0504909327075354,1.484384642658048,1.3354057303421991,-0.6837886532455979,-0.1481056506147617,0.38508102412524653,0.38974820593533027,0.31818264620301573,1.562847027619407,-0.5328632106246328,0.15569650330884643,-1.317543924430046,0.26552493985506426,-1.8698738385485976,0.3382831909933715,1.1600416190014333,0.6803644236158912,-1.1014404219812315,-0.7598057429040824
SAMPLE_054,-0.7607790697302201,-1.0543384216153027,-0.8648047895008804,1.9469466336170518,-1.0314966207671492,-0.8922371478100373,0.6692783524273385,0.44255331250940655,0.5309958373619679,1.9469466336170518,-1.0266532585635906,-1.0600988273786194,-1.0622524806326732,0.2615732176805995,2.2898111128102516,0.3902845484000473,-1.133382322893831,0.33345109816065477,0.7054348492849604,-0.9943900207983404,0.2924162211246352,1.7942455617948772,-0.9429627616974071,-1.1294581336533354,0.4467930842687429,-0.2773754536376192,-0.2746967405908174,-1.6568540371809088,0.7076575878497252,-1.0179361836241978,1.2401477402518615,0.9050946823128813,-2.316809617673829,0.4052184383952529,-0.27012824988717354,-0.7351791264847033,1.0913714585678576,0.23284279814158937,0.657282653677066,-0.9059742261845839,0.651853222906969,-1.3903454127055923,0.3055623244182074,-0.9453055754210729,0.04460585121482454,-1.1713991088867814,0.27748554449419605,0.1818477094777882,-1.6651103001044203,1.7306636813308591,0.4655213663609347,-0.8902722856786877,-0.9692338015844255,-0.5241295792585561,-0.3900584944682573,-0.025480831052923914,-2.1000123065790013,1.945551365912879,-0.914765584327495,1.2888946460583859,-0.21445740481024775,2.2864327366518298,0.9132682337255257,1.1149521169363457,1.1167843447229149
SAMPLE_055,1.9243235293176155,0.6553995593824854,0.5765365263339203,0.46825298783194913,1.494617552540155,0.5546339026927258,-0.8752101531742118,-1.119399555170852,-1.145833122728457,-1.0104406579531535,-1.0266532585635906,1.5901482410679288,1.708840947104735,-1.165189787849943,-0.9428633993924567,0.3902845484000473,0.3134887276089319,-0.9169905199418004,0.7054348492849604,-0.9943900207983404,1.7544973267478117,-1.001981287755581,0.43698274322562763,1.694187200480003,0.4467930842687429,1.0725249790266347,-1.7501960230050186,-0.7750952339261109,-1.7707191856584379,0.7860085334053095,-0.5658021062187478,-0.1635171296093547,-0.5441044873519462,0.6742910950278167,-2.5251254603609454,0.3411505081868895,1.1194016017206199,0.8481677319304859,0.3327367588681016,-0.3689756753201654,-1.173415945177623,1.0817515866745613,-0.932802871421314,-0.14727301663179493,1.6373468585657747,-0.4957368819007194,-0.13483664247373195,0.3542907703569188,-1.944274670972859,-1.0270038244167317,1.115894468814208,0.523304601410929,0.7490378523027247,0.03408756758806343,-1.750962117957772,-1.0553653132077998,-2.1549239751382308,0.7671433865840037,2.651458137248086,-1.841713733448632,1.081489598849961,1.0187841657151175,0.25289220818767155,-1.4211630630633154,-0.8472576499645487
SAMPLE_056,-0.7607790697302201,0.6553995593824854,-0.8648047895008804,0.46825298783194913,0.23156046588650292,2.001504953195489,-0.8752101531742118,0.44255331250940655,0.5309958373619679,-1.0104406579531535,0.5528132930727025,0.26502470684465473,-1.0622524806326732,-1.165189787849943,0.6734738567088976,-1.4110287519078633,1.7603597781116949,1.5838927162631098,-0.9876087889989447,0.575699485725355,0.2924162211246352,-1.001981287755581,1.8169282481486624,0.2823645334133338,0.4467930842687429,-1.9655900920173452,0.8890666340221018,0.2461583840355021,0.49817315494458875,-0.43375805527203937,1.2606204036233888,0.10501245566280124,0.6308796917098894,0.5217548904784474,-0.1825339776052933,1.8336423124342742,0.3249097872034125,-1.0518690458475206,1.0825804118958808,2.666235759011511,-1.04577536706745,-0.6701030562533367,-0.33677863327023005,-0.1250356872201068,-0.6762767230840823,-1.0196621355008526,0.8501106114807035,0.03792820748674352,1.209932644630927,0.5618075669764422,0.8767948870481526,0.1665585976071971,0.6327136394119836,-1.0530903646281031,0.6612930852149803,1.2031932235665448,1.1875713903727565,-0.28194553511226933,0.456271930818103,1.3954972097199558,-1.6656450253301736,-0.3305804654994034,0.6442383830710513,-0.2869812442677142,-0.644398782328206
SAMPLE_057,1.9243235293176155,2.3651375403802732,-0.8648047895008804,1.9469466336170518,-1.0314966207671492,2.001504953195489,0.6692783524273385,0.44255331250940655,-1.145833122728457,0.46825298783194913,0.5528132930727025,-1.0600988273786194,1.708840947104735,0.2615732176805995,0.6734738567088976,0.3902845484000473,-1.133382322893831,0.33345109816065477,-0.9876087889989447,0.575699485725355,0.2924162211246352,0.3961321370196483,-0.9429627616974071,0.2823645334133338,0.4467930842687429,1.05256811593385,-1.9012041088473126,2.636259993314899,-1.417249993021263,-0.6215825464244784,1.9472417273503324,2.025024291111923,-0.8120624023228891,-1.2301339618431402,0.4429577310056277,-0.3440659732945988,0.3209717494411852,0.07316693599393355,-0.647868367308742,-0.9591639590795396,0.7969061313746989,-1.361820652962395,0.41919942831039736,-0.34791645314926467,-0.32600909032742786,0.4999606108146027,0.7099767666280369,-1.0745316683683008,-0.038573952313758146,-0.39980149577843466,-0.9337854675319055,-1.7993386352465583,0.7808391453517245,0.7451875327888803,-0.9689022843832614,-0.031688819150430876,-1.2051900290986846,-0.34364201112207865,-0.8250973835511177,1.45190139382023,-1.4657421615732493,-1.6609687367658965,-0.2718856222324025,-0.29163892232971106,1.8521818095849734
SAMPLE_058,-0.7607790697302201,0.6553995593824854,0.5765365263339203,0.46825298783194913,-1.0314966207671492,-0.8922371478100373,0.6692783524273385,-1.119399555170852,-1.145833122728457,-1.0104406579531535,2.132279844708996,0.26502470684465473,1.708840947104735,-1.165189787849943,0.6734738567088976,0.3902845484000473,0.3134887276089319,-0.9169905199418004,0.7054348492849604,-0.9943900207983404,0.2924162211246352,0.3961321370196483,0.43698274322562763,0.2823645334133338,1.9361033651645525,-0.8068087230146376,0.17473071614652952,1.137593763440521,-1.138380209174856,-0.27667229878392385,-0.005734853568379378,0.7596018386573855,0.8433846038810006,-0.8592655080470454,0.49128525324991085,-1.8673896559016094,-0.3993421074248775,0.4467878143024083,-0.14895383613890845,-0.6275214190674427,1.4775045327148826,-0.061646192138264076,0.911705662005164,-0.5686316453229022,1.0578928613213654,0.4108175064823809,-1.634098707913302,-1.3038166997114868,1.2107530562605824,0.028570365150553265,1.006674842439449,0.7767243866098087,-1.0728822226714252,-1.5643447358696643,0.06752400733779636,0.2666860079078435,-0.7155357636387232,0.620571332620948,-0.3912653796249135,-0.9286995493669218,0.2279885438080054,-0.5980648930252837,-1.3557355184933637,1.6463693446036929,-1.8957538694696556
SAMPLE_059,-0.7607790697302201,-1.0543384216153027,0.5765365263339203,-1.0104406579531535,0.23156046588650292,2.001504953195489,0.6692783524273385,2.004506180189665,-1.145833122728457,0.46825298783194913,0.5528132930727025,-1.0600988273786194,-1.0622524806326732,-1.165189787849943,0.6734738567088976,0.3902845484000473,-1.133382322893831,-0.9169905199418004,-0.9876087889989447,2.1457889922490505,-1.1696648844985411,0.3961321370196483,-0.9429627616974071,0.2823645334133338,0.4467930842687429,-1.045482000410029,1.0887027535463518,-0.2858378022074381,-0.3737082826913636,-0.835024100976676,0.23135943014355353,-1.9929307221381316,0.266622677545464,-0.17077194012187527,0.3714504332257139,1.1798901248896094,-0.2129398637649224,-0.05443377068716651,-0.4774161661385361,-1.5622985090983648,-0.5597098996386689,0.20851014168676799,-0.09211956143999529,1.2915709694274118,0.20626022531327196,-0.6701259788450585,-0.40544252437695966,-0.8116675526150979,-0.6615208786904423,-0.06129658770381979,0.6102830874802138,0.9009081765036355,-0.8806462267940177,0.2161326641164047,0.10048737719822912,-0.3128916199626908,-0.6894738927521209,-0.7777793828988083,-0.7216746942180466,1.0990209128784438,0.9448205123526715,0.7764464840531758,-2.165195204023135,1.3038359235823904,0.267312962869428
SAMPLE_060,-0.7607790697302201,-1.0543384216153027,2.017877842168721,0.46825298783194913,0.23156046588650292,0.5546339026927258,-0.8752101531742118,0.44255331250940655,0.5309958373619679,-1.0104406579531535,-1.0266532585635906,-1.0600988273786194,0.32329423323603085,1.6883362232111419,0.6734738567088976,0.3902845484000473,-1.133382322893831,-0.9169905199418004,-0.9876087889989447,0.575699485725355,0.2924162211246352,-1.001981287755581,-0.9429627616974071,1.694187200480003,-1.0425171966270665,-1.275377084354384,1.1700935000194366,0.07649186606462824,2.9103470165129783,2.328715993451725,-1.91548974834665,1.5516355808738307,-0.7367062067392862,-1.2596712224358302,0.24071446135113353,-0.17748282189450482,-0.46327457535135896,0.5542303200515508,2.1507537908227663,-1.1039314317790796,0.3245520808125685,0.30179330689354156,-0.4204197143155561,-0.5270016715942506,-0.34217148850295903,-1.0877342166810262,-2.030410452631718,-0.8686836017527709,-0.6645940328127653,0.7608965194627371,-1.3165411729598309,-0.3712729935126996,0.9805628893044672,0.6311728769377583,0.6373732638915615,1.3066310994156323,2.4354562707985172,-0.06504181824413309,0.46660010820570186,-0.22163940162783285,-0.2302113380306347,-0.8362960290607748,1.7313632455806494,0.2087215686830869,1.4388715372602257
