SNP,Gene,Pearson_r,p_value
SNP_04,GENE_08,0.7978801972224202,2.3072477122987775e-14
SNP_03,GENE_06,0.7373451977296457,1.835154971581843e-11
SNP_00,GENE_00,0.7238579029403414,6.364106008321344e-11
SNP_04,GENE_09,-0.7063663755395615,2.876018317072646e-10
SNP_01,GENE_02,0.6666402819504549,6.077474870304834e-09
SNP_03,GENE_07,-0.6548752887846584,1.3756967056527227e-08
SNP_00,GENE_01,-0.649285062981391,2.003238569495791e-08
SNP_02,GENE_04,0.6291022712245029,7.312450586727322e-08
SNP_01,GENE_03,-0.6218747032861179,1.1370092001678414e-07
SNP_02,GENE_05,-0.5845916732292337,9.373191511103926e-07
