Feature,Importance
GENE_023,0.04006307505229998
GENE_042,0.029492544303356988
GENE_010,0.02848662562657362
GENE_050,0.028213398896402488
GENE_017,0.026106481394753803
GENE_046,0.02573788529679763
GENE_011,0.025131350455621013
GENE_028,0.024291181868245276
GENE_031,0.023783575541589285
GENE_001,0.023422569648680617
GENE_005,0.023075504031064703
GENE_006,0.023039263508973114
GENE_015,0.02267564699167573
GENE_002,0.022524945134173028
GENE_003,0.02241288909996296
GENE_036,0.02238042291323378
GENE_008,0.02186231260172305
GENE_040,0.021424540140032134
GENE_033,0.02106544726379663
GENE_025,0.0207154099216864
GENE_022,0.020695847514845735
GENE_021,0.019740939547405256
GENE_037,0.019699687454483045
GENE_018,0.01957968331063932
GENE_049,0.019389897573782667
GENE_019,0.018970897188775523
GENE_024,0.018741765037235215
GENE_039,0.018156845991427396
GENE_012,0.01810251779061585
GENE_020,0.017779188869811925
GENE_044,0.017718869204096675
GENE_013,0.017665497357440402
GENE_029,0.01765807957705351
GENE_014,0.017384811868653954
GENE_016,0.017318614356073448
GENE_030,0.01707852399370131
GENE_034,0.017017296574727243
GENE_009,0.016578347049489767
GENE_041,0.016109973585455798
GENE_004,0.015954319799226103
GENE_048,0.01584906559334685
GENE_027,0.01575110924989909
GENE_045,0.015576721936941802
GENE_047,0.014895493114745105
GENE_035,0.014873962490549307
GENE_032,0.013892315328516654
GENE_007,0.013775002804220999
GENE_026,0.013137789097791158
GENE_038,0.013031031157325491
GENE_043,0.011970835891081158
